Subject_ID,Volume_ID,Source,Split,Model,Precision,Recall,Dice,HD95_mm,SSR_pct,GT_Vol_mm3,FP_Vol_mm3,Spill_Vol_mm3,Motor_Task,Run
sub-c7t-001,sub-c7t-001_run-1,7T ds003642 CEREBRUM-7T,train,P(4x6) (State-of-the-Art),0.9147,0.9491,0.931604,2.0000,2.022,1722.125,152.375,36.125,Lip Pursing,2
sub-c7t-001,sub-c7t-001_run-2,7T ds003642 CEREBRUM-7T,train,P(4x6) (State-of-the-Art),0.9614,0.9605,0.960943,1.6583,0.878,1511.375,58.250,13.250,Lip Pursing,2
sub-c7t-002,sub-c7t-002_run-1,7T ds003642 CEREBRUM-7T,train,P(4x6) (State-of-the-Art),0.8171,0.8670,0.841300,2.7386,4.122,1300.500,252.375,56.875,Lip Pursing,2
sub-c7t-002,sub-c7t-002_run-2,7T ds003642 CEREBRUM-7T,train,P(4x6) (State-of-the-Art),0.8660,0.8593,0.862611,3.5355,2.896,1344.000,178.750,38.625,Lip Pursing,2
sub-c7t-003,sub-c7t-003_run-1,7T ds003642 CEREBRUM-7T,train,P(4x6) (State-of-the-Art),0.9180,0.8995,0.908623,1.4142,1.100,1055.750,84.875,11.375,Lip Pursing,2
sub-c7t-004,sub-c7t-004_run-1,7T ds003642 CEREBRUM-7T,train,P(4x6) (State-of-the-Art),0.9577,0.9732,0.965382,0.7071,1.166,791.625,34.000,9.375,Lip Pursing,2
sub-c7t-004,sub-c7t-004_run-2,7T ds003642 CEREBRUM-7T,train,P(4x6) (State-of-the-Art),0.9739,0.9585,0.966126,1.4142,0.854,520.750,13.375,4.375,Lip Pursing,2
sub-c7t-005,sub-c7t-005_run-1,7T ds003642 CEREBRUM-7T,val,P(4x6) (State-of-the-Art),0.8673,0.7541,0.806766,2.2913,3.172,1391.375,160.500,38.375,Lip Pursing,2
sub-c7t-005,sub-c7t-005_run-2,7T ds003642 CEREBRUM-7T,val,P(4x6) (State-of-the-Art),0.6106,0.3983,0.482094,8.3367,9.845,1561.125,396.500,100.250,Lip Pursing,2
sub-c7t-006,sub-c7t-006_run-1,7T ds003642 CEREBRUM-7T,train,P(4x6) (State-of-the-Art),0.9140,0.9101,0.912023,1.2247,1.376,1833.250,157.000,25.125,Lip Pursing,2
sub-c7t-007,sub-c7t-007_run-1,7T ds003642 CEREBRUM-7T,train,P(4x6) (State-of-the-Art),0.8990,0.7294,0.805365,3.0822,0.578,1944.750,159.375,9.125,Lip Pursing,2
sub-c7t-007,sub-c7t-007_run-2,7T ds003642 CEREBRUM-7T,train,P(4x6) (State-of-the-Art),0.8042,0.8283,0.816084,2.2361,1.194,1696.750,342.250,20.875,Lip Pursing,2
sub-c7t-008,sub-c7t-008_run-1,7T ds003642 CEREBRUM-7T,train,P(4x6) (State-of-the-Art),0.8656,0.8866,0.875951,2.6926,1.910,1290.750,177.750,25.250,Lip Pursing,2
sub-c7t-008,sub-c7t-008_run-2,7T ds003642 CEREBRUM-7T,train,P(4x6) (State-of-the-Art),0.8604,0.8561,0.858272,1.8708,1.380,855.875,118.875,11.750,Lip Pursing,2
sub-c7t-009,sub-c7t-009_run-1,7T ds003642 CEREBRUM-7T,val,P(4x6) (State-of-the-Art),0.9296,0.8999,0.914529,0.8660,1.123,1609.625,109.625,17.500,Lip Pursing,2
sub-c7t-010,sub-c7t-010_run-1,7T ds003642 CEREBRUM-7T,test,P(4x6) (State-of-the-Art),0.9572,0.8921,0.923522,0.8660,0.649,805.375,32.125,4.875,Lip Pursing,2
sub-c7t-010,sub-c7t-010_run-2,7T ds003642 CEREBRUM-7T,test,P(4x6) (State-of-the-Art),0.8661,0.9030,0.884138,2.0000,2.567,709.875,99.125,19.000,Lip Pursing,2
sub-c7t-011,sub-c7t-011_run-1,7T ds003642 CEREBRUM-7T,train,P(4x6) (State-of-the-Art),0.8516,0.8056,0.827979,2.8284,4.642,1565.750,219.750,68.750,Lip Pursing,2
sub-c7t-011,sub-c7t-011_run-2,7T ds003642 CEREBRUM-7T,train,P(4x6) (State-of-the-Art),0.9311,0.9383,0.934658,1.4142,1.939,933.750,64.875,18.250,Lip Pursing,2
sub-c7t-012,sub-c7t-012_run-1,7T ds003642 CEREBRUM-7T,train,P(4x6) (State-of-the-Art),0.8451,0.8344,0.839714,2.0616,3.685,2408.625,368.375,87.625,Lip Pursing,2
sub-c7t-013,sub-c7t-013_run-1,7T ds003642 CEREBRUM-7T,train,P(4x6) (State-of-the-Art),0.9567,0.9686,0.962645,1.1180,3.011,1258.750,55.125,38.375,Lip Pursing,2
sub-c7t-013,sub-c7t-013_run-2,7T ds003642 CEREBRUM-7T,train,P(4x6) (State-of-the-Art),0.9370,0.9702,0.953316,1.7321,4.300,1650.875,107.750,73.500,Lip Pursing,2
sub-c7t-014,sub-c7t-014_run-1,7T ds003642 CEREBRUM-7T,test,P(4x6) (State-of-the-Art),0.8498,0.7886,0.818046,2.6926,4.939,1041.875,145.250,47.750,Lip Pursing,2
sub-c7t-015,sub-c7t-015_run-1,7T ds003642 CEREBRUM-7T,train,P(4x6) (State-of-the-Art),0.8587,0.6968,0.769332,2.0000,1.337,2097.000,240.500,22.750,Lip Pursing,2
sub-c7t-015,sub-c7t-015_run-2,7T ds003642 CEREBRUM-7T,train,P(4x6) (State-of-the-Art),0.9064,0.8920,0.899140,2.2361,1.456,2233.000,205.750,32.000,Lip Pursing,2
sub-c7t-016,sub-c7t-016_run-1,7T ds003642 CEREBRUM-7T,train,P(4x6) (State-of-the-Art),0.8407,0.8714,0.855778,2.6926,9.142,2068.375,341.500,196.000,Lip Pursing,2
sub-c7t-016,sub-c7t-016_run-2,7T ds003642 CEREBRUM-7T,train,P(4x6) (State-of-the-Art),0.7197,0.5046,0.593216,4.8477,15.930,1109.125,218.000,123.875,Lip Pursing,2
sub-c7t-017,sub-c7t-017_run-1,7T ds003642 CEREBRUM-7T,train,P(4x6) (State-of-the-Art),0.8708,0.8151,0.842028,1.7321,5.288,1313.125,158.875,65.000,Lip Pursing,2
sub-c7t-018,sub-c7t-018_run-1,7T ds003642 CEREBRUM-7T,train,P(4x6) (State-of-the-Art),0.9127,0.8818,0.896953,2.4495,0.989,1517.125,128.000,14.500,Lip Pursing,2
sub-c7t-019,sub-c7t-019_run-1,7T ds003642 CEREBRUM-7T,train,P(4x6) (State-of-the-Art),0.7697,0.8264,0.797002,1.1180,1.078,1793.250,443.500,20.750,Lip Pursing,2
sub-c7t-020,sub-c7t-020_run-1,7T ds003642 CEREBRUM-7T,train,P(4x6) (State-of-the-Art),0.8624,0.7980,0.828989,1.8708,1.374,1337.500,170.250,17.000,Lip Pursing,2
sub-c7t-021,sub-c7t-021_run-1,7T ds003642 CEREBRUM-7T,train,P(4x6) (State-of-the-Art),0.9567,0.9562,0.956449,1.4142,1.282,1336.375,57.875,17.125,Lip Pursing,2
sub-c7t-021,sub-c7t-021_run-2,7T ds003642 CEREBRUM-7T,train,P(4x6) (State-of-the-Art),0.8757,0.8448,0.859960,2.7386,4.991,1142.125,137.000,55.000,Lip Pursing,2
sub-c7t-022,sub-c7t-022_run-1,7T ds003642 CEREBRUM-7T,train,P(4x6) (State-of-the-Art),0.8678,0.8045,0.834948,2.0000,5.507,1841.250,225.625,94.000,Lip Pursing,2
sub-c7t-023,sub-c7t-023_run-1,7T ds003642 CEREBRUM-7T,train,P(4x6) (State-of-the-Art),0.8975,0.8500,0.873109,1.8028,3.104,1824.375,177.125,53.625,Lip Pursing,2
sub-c7t-024,sub-c7t-024_run-1,7T ds003642 CEREBRUM-7T,train,P(4x6) (State-of-the-Art),0.8298,0.7055,0.762633,3.7417,1.997,927.875,134.250,15.750,Lip Pursing,2
sub-c7t-024,sub-c7t-024_run-2,7T ds003642 CEREBRUM-7T,train,P(4x6) (State-of-the-Art),0.9531,0.9367,0.944820,2.0000,0.802,903.750,41.625,7.125,Lip Pursing,2
sub-c7t-025,sub-c7t-025_run-1,7T ds003642 CEREBRUM-7T,train,P(4x6) (State-of-the-Art),0.8398,0.8554,0.847501,1.2247,2.767,1849.625,301.875,52.125,Lip Pursing,2
sub-c7t-025,sub-c7t-025_run-2,7T ds003642 CEREBRUM-7T,train,P(4x6) (State-of-the-Art),0.7396,0.6557,0.695117,3.4641,7.221,1280.875,295.750,82.000,Lip Pursing,2
sub-c7t-026,sub-c7t-026_run-1,7T ds003642 CEREBRUM-7T,val,P(4x6) (State-of-the-Art),0.7559,0.7851,0.770215,3.2016,3.457,1131.375,286.875,40.625,Lip Pursing,2
sub-c7t-027,sub-c7t-027_run-1,7T ds003642 CEREBRUM-7T,test,P(4x6) (State-of-the-Art),0.7473,0.5691,0.646149,2.5000,3.047,1793.875,345.125,41.625,Lip Pursing,2
sub-c7t-028,sub-c7t-028_run-1,7T ds003642 CEREBRUM-7T,train,P(4x6) (State-of-the-Art),0.9001,0.6949,0.784253,2.0000,2.843,1503.375,116.000,33.000,Lip Pursing,2
sub-c7t-029,sub-c7t-029_run-1,7T ds003642 CEREBRUM-7T,train,P(4x6) (State-of-the-Art),0.9383,0.9447,0.941508,1.0000,0.391,2253.250,140.000,8.875,Lip Pursing,2
sub-c7t-029,sub-c7t-029_run-2,7T ds003642 CEREBRUM-7T,train,P(4x6) (State-of-the-Art),0.9470,0.8488,0.895208,1.0000,0.179,2097.750,99.750,3.375,Lip Pursing,2
sub-c7t-030,sub-c7t-030_run-1,7T ds003642 CEREBRUM-7T,val,P(4x6) (State-of-the-Art),0.9408,0.9597,0.950151,1.2247,1.254,1514.375,91.500,19.375,Lip Pursing,2
sub-c7t-030,sub-c7t-030_run-2,7T ds003642 CEREBRUM-7T,val,P(4x6) (State-of-the-Art),0.8098,0.8408,0.824992,2.0000,3.409,1504.750,297.125,53.250,Lip Pursing,2
sub-c7t-031,sub-c7t-031_run-1,7T ds003642 CEREBRUM-7T,train,P(4x6) (State-of-the-Art),0.8307,0.8206,0.825605,2.4495,6.919,1390.000,232.500,95.000,Lip Pursing,2
sub-c7t-031,sub-c7t-031_run-2,7T ds003642 CEREBRUM-7T,train,P(4x6) (State-of-the-Art),0.4331,0.8513,0.574133,15.6844,23.927,1531.750,1706.750,720.375,Lip Pursing,2
sub-c7t-032,sub-c7t-032_run-1,7T ds003642 CEREBRUM-7T,val,P(4x6) (State-of-the-Art),0.9619,0.9448,0.953250,0.5000,0.363,2557.500,95.750,9.125,Lip Pursing,2
sub-c7t-032,sub-c7t-032_run-2,7T ds003642 CEREBRUM-7T,val,P(4x6) (State-of-the-Art),0.8705,0.8282,0.848851,2.0000,1.066,3575.625,440.375,36.250,Lip Pursing,2
sub-c7t-033,sub-c7t-033_run-1,7T ds003642 CEREBRUM-7T,test,P(4x6) (State-of-the-Art),0.5749,0.7185,0.638736,4.1231,11.647,809.000,429.750,117.750,Lip Pursing,2
sub-c7t-033,sub-c7t-033_run-2,7T ds003642 CEREBRUM-7T,test,P(4x6) (State-of-the-Art),0.8141,0.7872,0.800431,2.8284,4.532,1061.000,190.750,46.500,Lip Pursing,2
sub-c7t-034,sub-c7t-034_run-1,7T ds003642 CEREBRUM-7T,train,P(4x6) (State-of-the-Art),0.2032,0.3625,0.260432,12.7867,28.714,1552.625,2207.125,795.375,Lip Pursing,2
sub-c7t-034,sub-c7t-034_run-2,7T ds003642 CEREBRUM-7T,train,P(4x6) (State-of-the-Art),0.7999,0.7023,0.747929,2.1213,3.480,1534.500,269.500,46.875,Lip Pursing,2
sub-c7t-035,sub-c7t-035_run-1,7T ds003642 CEREBRUM-7T,train,P(4x6) (State-of-the-Art),0.9313,0.9170,0.924114,1.2247,1.359,831.625,56.250,11.125,Lip Pursing,2
sub-c7t-036,sub-c7t-036_run-1,7T ds003642 CEREBRUM-7T,train,P(4x6) (State-of-the-Art),0.8894,0.8537,0.871159,1.5811,3.318,1259.875,133.750,40.125,Lip Pursing,2
sub-c7t-036,sub-c7t-036_run-2,7T ds003642 CEREBRUM-7T,train,P(4x6) (State-of-the-Art),0.5223,0.8231,0.639076,9.2195,18.145,1512.625,1138.625,432.500,Lip Pursing,2
sub-c7t-037,sub-c7t-037_run-1,7T ds003642 CEREBRUM-7T,train,P(4x6) (State-of-the-Art),0.9323,0.9177,0.924910,1.0000,0.618,1807.875,120.500,11.000,Lip Pursing,2
sub-c7t-037,sub-c7t-037_run-2,7T ds003642 CEREBRUM-7T,train,P(4x6) (State-of-the-Art),0.9225,0.8742,0.897705,1.6583,1.229,1535.250,112.750,17.875,Lip Pursing,2
sub-c7t-038,sub-c7t-038_run-1,7T ds003642 CEREBRUM-7T,train,P(4x6) (State-of-the-Art),0.8564,0.8449,0.850602,2.8284,3.785,1305.625,185.000,48.750,Lip Pursing,2
sub-c7t-038,sub-c7t-038_run-2,7T ds003642 CEREBRUM-7T,train,P(4x6) (State-of-the-Art),0.8441,0.7476,0.792928,2.6926,3.964,1762.250,243.375,61.875,Lip Pursing,2
sub-c7t-039,sub-c7t-039_run-1,7T ds003642 CEREBRUM-7T,test,P(4x6) (State-of-the-Art),0.8753,0.8398,0.857166,2.0000,4.965,1548.000,185.250,73.750,Lip Pursing,2
sub-c7t-040,sub-c7t-040_run-1,7T ds003642 CEREBRUM-7T,train,P(4x6) (State-of-the-Art),0.9325,0.9214,0.926921,1.5000,1.381,2345.375,156.375,32.000,Lip Pursing,2
sub-c7t-040,sub-c7t-040_run-2,7T ds003642 CEREBRUM-7T,train,P(4x6) (State-of-the-Art),0.7813,0.8236,0.801876,2.5000,4.478,1946.375,448.750,91.875,Lip Pursing,2
sub-c7t-041,sub-c7t-041_run-1,7T ds003642 CEREBRUM-7T,train,P(4x6) (State-of-the-Art),0.9320,0.9235,0.927691,1.5811,1.722,1055.000,71.125,18.000,Lip Pursing,2
sub-c7t-042,sub-c7t-042_run-1,7T ds003642 CEREBRUM-7T,val,P(4x6) (State-of-the-Art),0.8086,0.6020,0.690177,4.2426,5.413,1278.000,182.125,51.500,Lip Pursing,2
sub-c7t-043,sub-c7t-043_run-1,7T ds003642 CEREBRUM-7T,train,P(4x6) (State-of-the-Art),0.8370,0.7828,0.808971,2.5981,1.547,561.625,85.625,8.125,Lip Pursing,2
sub-c7t-044,sub-c7t-044_run-1,7T ds003642 CEREBRUM-7T,test,P(4x6) (State-of-the-Art),0.8471,0.8392,0.843104,2.3452,3.890,2079.125,315.000,80.125,Lip Pursing,2
sub-c7t-044,sub-c7t-044_run-2,7T ds003642 CEREBRUM-7T,test,P(4x6) (State-of-the-Art),0.8905,0.8770,0.883701,2.5495,4.393,1912.625,206.250,82.750,Lip Pursing,2
sub-c7t-045,sub-c7t-045_run-1,7T ds003642 CEREBRUM-7T,train,P(4x6) (State-of-the-Art),0.7288,0.7802,0.753645,2.8284,2.504,1995.750,579.375,53.500,Lip Pursing,2
sub-c7t-045,sub-c7t-045_run-2,7T ds003642 CEREBRUM-7T,train,P(4x6) (State-of-the-Art),0.8708,0.8661,0.868415,3.0822,1.175,1701.250,218.625,19.875,Lip Pursing,2
sub-c7t-046,sub-c7t-046_run-1,7T ds003642 CEREBRUM-7T,test,P(4x6) (State-of-the-Art),0.4587,0.4805,0.469324,4.6368,21.574,1193.125,676.500,269.625,Lip Pursing,2
sub-c7t-047,sub-c7t-047_run-1,7T ds003642 CEREBRUM-7T,train,P(4x6) (State-of-the-Art),0.9142,0.8681,0.890560,1.8708,3.566,1738.875,141.625,58.875,Lip Pursing,2
sub-c7t-047,sub-c7t-047_run-2,7T ds003642 CEREBRUM-7T,train,P(4x6) (State-of-the-Art),0.7863,0.7992,0.792711,4.8990,10.142,1085.250,235.750,111.875,Lip Pursing,2
sub-c7t-048,sub-c7t-048_run-1,7T ds003642 CEREBRUM-7T,train,P(4x6) (State-of-the-Art),0.9364,0.9504,0.943348,1.2247,2.657,1552.750,100.250,41.875,Lip Pursing,2
sub-c7t-048,sub-c7t-048_run-2,7T ds003642 CEREBRUM-7T,train,P(4x6) (State-of-the-Art),0.9151,0.8407,0.876349,2.0000,3.215,1798.750,140.250,53.125,Lip Pursing,2
sub-c7t-049,sub-c7t-049_run-1,7T ds003642 CEREBRUM-7T,train,P(4x6) (State-of-the-Art),0.5563,0.5223,0.538747,3.3541,2.770,1095.625,456.500,28.500,Lip Pursing,2
sub-c7t-049,sub-c7t-049_run-2,7T ds003642 CEREBRUM-7T,train,P(4x6) (State-of-the-Art),0.8402,0.6985,0.762805,2.4495,0.735,1104.750,146.750,6.750,Lip Pursing,2
sub-c7t-050,sub-c7t-050_run-1,7T ds003642 CEREBRUM-7T,train,P(4x6) (State-of-the-Art),0.8375,0.7970,0.816760,2.2361,2.440,2207.250,341.375,51.250,Lip Pursing,2
sub-c7t-050,sub-c7t-050_run-2,7T ds003642 CEREBRUM-7T,train,P(4x6) (State-of-the-Art),0.8136,0.7971,0.805277,2.8284,3.566,1488.375,271.750,52.000,Lip Pursing,2
sub-c7t-051,sub-c7t-051_run-1,7T ds003642 CEREBRUM-7T,train,P(4x6) (State-of-the-Art),0.9383,0.9196,0.928855,1.4142,0.719,1223.625,74.000,8.625,Lip Pursing,2
sub-c7t-052,sub-c7t-052_run-1,7T ds003642 CEREBRUM-7T,train,P(4x6) (State-of-the-Art),0.9475,0.9352,0.941330,1.4142,1.535,965.000,50.000,14.625,Lip Pursing,2
sub-c7t-053,sub-c7t-053_run-1,7T ds003642 CEREBRUM-7T,val,P(4x6) (State-of-the-Art),0.9419,0.9545,0.948148,1.4142,1.234,2289.250,134.875,28.625,Lip Pursing,2
sub-c7t-053,sub-c7t-053_run-2,7T ds003642 CEREBRUM-7T,val,P(4x6) (State-of-the-Art),0.8931,0.8204,0.855178,2.3452,3.310,2368.125,232.625,72.000,Lip Pursing,2
sub-c7t-054,sub-c7t-054_run-1,7T ds003642 CEREBRUM-7T,train,P(4x6) (State-of-the-Art),0.8564,0.8134,0.834334,4.1231,3.780,1142.000,155.750,41.000,Lip Pursing,2
sub-c7t-055,sub-c7t-055_run-1,7T ds003642 CEREBRUM-7T,train,P(4x6) (State-of-the-Art),0.8036,0.7181,0.758480,2.3452,4.387,2142.500,376.000,84.000,Lip Pursing,2
sub-c7t-055,sub-c7t-055_run-2,7T ds003642 CEREBRUM-7T,train,P(4x6) (State-of-the-Art),0.9014,0.8488,0.874315,1.7321,2.861,1550.000,143.875,41.750,Lip Pursing,2
sub-c7t-056,sub-c7t-056_run-1,7T ds003642 CEREBRUM-7T,test,P(4x6) (State-of-the-Art),0.8764,0.8096,0.841658,2.2361,2.268,2369.000,270.500,49.625,Lip Pursing,2
sub-c7t-056,sub-c7t-056_run-2,7T ds003642 CEREBRUM-7T,test,P(4x6) (State-of-the-Art),0.9163,0.9188,0.917536,2.3452,1.573,2029.250,170.250,32.000,Lip Pursing,2
sub-c7t-057,sub-c7t-057_run-1,7T ds003642 CEREBRUM-7T,train,P(4x6) (State-of-the-Art),0.5111,0.6595,0.575877,4.0311,9.547,1920.875,1211.750,236.625,Lip Pursing,2
sub-c7t-057,sub-c7t-057_run-2,7T ds003642 CEREBRUM-7T,train,P(4x6) (State-of-the-Art),0.7294,0.8141,0.769412,3.9051,6.736,1255.250,379.125,94.375,Lip Pursing,2
sub-c7t-058,sub-c7t-058_run-1,7T ds003642 CEREBRUM-7T,train,P(4x6) (State-of-the-Art),0.7965,0.6088,0.690070,3.5355,4.584,1459.125,227.000,51.125,Lip Pursing,2
sub-c7t-058,sub-c7t-058_run-2,7T ds003642 CEREBRUM-7T,train,P(4x6) (State-of-the-Art),0.7327,0.7071,0.719651,3.0822,6.881,1182.125,305.000,78.500,Lip Pursing,2
sub-c7t-059,sub-c7t-059_run-1,7T ds003642 CEREBRUM-7T,train,P(4x6) (State-of-the-Art),0.7638,0.7016,0.731365,4.3301,8.115,1152.000,250.000,85.875,Lip Pursing,2
sub-c7t-060,sub-c7t-060_run-1,7T ds003642 CEREBRUM-7T,train,P(4x6) (State-of-the-Art),0.9327,0.9043,0.918322,1.6583,2.478,1930.125,125.875,46.375,Lip Pursing,2
sub-c7t-061,sub-c7t-061_run-1,7T ds003642 CEREBRUM-7T,test,P(4x6) (State-of-the-Art),0.8731,0.8023,0.836191,2.7386,1.501,2139.000,249.500,29.500,Lip Pursing,2
sub-c7t-061,sub-c7t-061_run-2,7T ds003642 CEREBRUM-7T,test,P(4x6) (State-of-the-Art),0.8644,0.8070,0.834740,2.2361,1.433,2466.750,312.250,33.000,Lip Pursing,2
sub-c7t-062,sub-c7t-062_run-1,7T ds003642 CEREBRUM-7T,train,P(4x6) (State-of-the-Art),0.9549,0.9690,0.961910,1.5811,0.772,2392.750,109.500,18.750,Lip Pursing,2
sub-c7t-062,sub-c7t-062_run-2,7T ds003642 CEREBRUM-7T,train,P(4x6) (State-of-the-Art),0.9046,0.9056,0.905054,2.8284,1.901,1924.375,183.875,36.625,Lip Pursing,2
sub-c7t-063,sub-c7t-063_run-1,7T ds003642 CEREBRUM-7T,test,P(4x6) (State-of-the-Art),0.9230,0.9008,0.911771,2.0616,2.278,888.375,66.750,19.750,Lip Pursing,2
sub-c7t-063,sub-c7t-063_run-2,7T ds003642 CEREBRUM-7T,test,P(4x6) (State-of-the-Art),0.7837,0.7752,0.779429,3.1623,5.302,917.625,196.375,48.125,Lip Pursing,2
sub-c7t-064,sub-c7t-064_run-1,7T ds003642 CEREBRUM-7T,train,P(4x6) (State-of-the-Art),0.9703,0.9497,0.959889,1.1180,0.883,1779.625,51.750,15.375,Lip Pursing,2
sub-c7t-064,sub-c7t-064_run-2,7T ds003642 CEREBRUM-7T,train,P(4x6) (State-of-the-Art),0.9692,0.9356,0.952085,0.8660,1.015,1288.875,38.375,12.625,Lip Pursing,2
sub-c7t-065,sub-c7t-065_run-1,7T ds003642 CEREBRUM-7T,train,P(4x6) (State-of-the-Art),0.7902,0.7246,0.755982,3.3166,1.957,1692.250,325.625,30.375,Lip Pursing,2
sub-c7t-065,sub-c7t-065_run-2,7T ds003642 CEREBRUM-7T,train,P(4x6) (State-of-the-Art),0.9018,0.9361,0.918623,1.0000,0.885,1510.375,154.000,13.875,Lip Pursing,2
sub-c7t-066,sub-c7t-066_run-1,7T ds003642 CEREBRUM-7T,val,P(4x6) (State-of-the-Art),0.9227,0.6763,0.780545,2.5981,0.836,1488.875,84.375,9.125,Lip Pursing,2
sub-c7t-066,sub-c7t-066_run-2,7T ds003642 CEREBRUM-7T,val,P(4x6) (State-of-the-Art),0.9405,0.9566,0.948474,1.0000,0.485,938.125,56.750,4.625,Lip Pursing,2
sub-c7t-067,sub-c7t-067_run-1,7T ds003642 CEREBRUM-7T,train,P(4x6) (State-of-the-Art),0.9610,0.9139,0.936892,0.8660,0.497,1507.625,55.875,7.125,Lip Pursing,2
sub-c7t-068,sub-c7t-068_run-1,7T ds003642 CEREBRUM-7T,train,P(4x6) (State-of-the-Art),0.9732,0.9701,0.971675,1.0000,0.742,1858.625,49.625,13.750,Lip Pursing,2
sub-c7t-068,sub-c7t-068_run-2,7T ds003642 CEREBRUM-7T,train,P(4x6) (State-of-the-Art),0.9528,0.9429,0.947821,0.7071,1.369,1153.500,53.875,15.625,Lip Pursing,2
sub-c7t-069,sub-c7t-069_run-1,7T ds003642 CEREBRUM-7T,train,P(4x6) (State-of-the-Art),0.9000,0.9299,0.914699,1.5811,2.918,2122.500,219.375,64.000,Lip Pursing,2
sub-c7t-069,sub-c7t-069_run-2,7T ds003642 CEREBRUM-7T,train,P(4x6) (State-of-the-Art),0.9512,0.9362,0.943621,1.1180,1.084,2167.750,104.125,23.125,Lip Pursing,2
sub-c7t-070,sub-c7t-070_run-1,7T ds003642 CEREBRUM-7T,test,P(4x6) (State-of-the-Art),0.9406,0.9484,0.944496,0.8660,2.478,2426.625,145.375,60.625,Lip Pursing,2
sub-c7t-071,sub-c7t-071_run-1,7T ds003642 CEREBRUM-7T,train,P(4x6) (State-of-the-Art),0.6785,0.7467,0.710962,3.0822,10.327,1350.625,477.875,153.500,Lip Pursing,2
sub-c7t-072,sub-c7t-072_run-1,7T ds003642 CEREBRUM-7T,test,P(4x6) (State-of-the-Art),0.8997,0.8747,0.887017,2.1794,1.086,1302.000,127.000,13.750,Lip Pursing,2
sub-c7t-072,sub-c7t-072_run-2,7T ds003642 CEREBRUM-7T,test,P(4x6) (State-of-the-Art),0.8878,0.9162,0.901789,1.8708,1.014,1540.875,178.375,16.125,Lip Pursing,2
sub-c7t-073,sub-c7t-073_run-1,7T ds003642 CEREBRUM-7T,val,P(4x6) (State-of-the-Art),0.9119,0.8982,0.904995,2.0616,3.665,1669.000,144.875,60.250,Lip Pursing,2
sub-c7t-074,sub-c7t-074_run-1,7T ds003642 CEREBRUM-7T,val,P(4x6) (State-of-the-Art),0.7339,0.7484,0.741095,5.9372,6.657,1292.750,350.750,87.750,Lip Pursing,2
sub-c7t-074,sub-c7t-074_run-2,7T ds003642 CEREBRUM-7T,val,P(4x6) (State-of-the-Art),0.8611,0.7779,0.817412,1.6583,3.159,1086.250,136.250,31.000,Lip Pursing,2
sub-c7t-075,sub-c7t-075_run-1,7T ds003642 CEREBRUM-7T,train,P(4x6) (State-of-the-Art),0.9415,0.9269,0.934153,1.6583,2.593,1444.500,83.125,36.875,Lip Pursing,2
sub-c7t-075,sub-c7t-075_run-2,7T ds003642 CEREBRUM-7T,train,P(4x6) (State-of-the-Art),0.9409,0.9702,0.955359,1.1180,3.151,1192.500,72.625,38.750,Lip Pursing,2
sub-c7t-076,sub-c7t-076_run-1,7T ds003642 CEREBRUM-7T,val,P(4x6) (State-of-the-Art),0.9117,0.8696,0.890167,1.7321,1.422,1557.000,131.125,21.125,Lip Pursing,2
sub-c7t-076,sub-c7t-076_run-2,7T ds003642 CEREBRUM-7T,val,P(4x6) (State-of-the-Art),0.9537,0.9514,0.952569,1.4142,1.148,1517.250,70.000,17.375,Lip Pursing,2
sub-ds114-01,sub-ds114-01_ses-retest,3T ds000114 (GAN 3T->7T),val,P(4x6) (State-of-the-Art),0.8776,0.9080,0.892554,1.7321,1.307,804.500,101.875,10.875,Lip Pursing,2
sub-ds114-01,sub-ds114-01_ses-test,3T ds000114 (GAN 3T->7T),val,P(4x6) (State-of-the-Art),0.8907,0.9061,0.898317,1.5000,1.365,1619.750,180.125,22.500,Lip Pursing,2
sub-ds114-02,sub-ds114-02_ses-retest,3T ds000114 (GAN 3T->7T),train,P(4x6) (State-of-the-Art),0.9542,0.9302,0.942049,1.2247,1.026,1400.250,62.500,14.000,Lip Pursing,2
sub-ds114-02,sub-ds114-02_ses-test,3T ds000114 (GAN 3T->7T),train,P(4x6) (State-of-the-Art),0.9211,0.8866,0.903504,2.0000,2.170,1699.625,129.125,35.500,Lip Pursing,2
sub-ds114-03,sub-ds114-03_ses-retest,3T ds000114 (GAN 3T->7T),train,P(4x6) (State-of-the-Art),0.9035,0.9171,0.910233,2.4495,2.158,1580.375,154.875,34.625,Lip Pursing,2
sub-ds114-03,sub-ds114-03_ses-test,3T ds000114 (GAN 3T->7T),train,P(4x6) (State-of-the-Art),0.8364,0.8640,0.849980,3.0414,3.173,1079.125,182.375,35.375,Lip Pursing,2
sub-ds114-04,sub-ds114-04_ses-retest,3T ds000114 (GAN 3T->7T),train,P(4x6) (State-of-the-Art),0.7452,0.5852,0.655587,3.5355,3.949,1398.625,279.875,43.375,Lip Pursing,2
sub-ds114-04,sub-ds114-04_ses-test,3T ds000114 (GAN 3T->7T),train,P(4x6) (State-of-the-Art),0.8736,0.2417,0.378631,9.3408,2.614,1486.375,52.000,10.750,Lip Pursing,2
sub-ds114-05,sub-ds114-05_ses-retest,3T ds000114 (GAN 3T->7T),train,P(4x6) (State-of-the-Art),0.8640,0.7847,0.822477,1.8028,2.307,1867.500,230.625,39.125,Lip Pursing,2
sub-ds114-05,sub-ds114-05_ses-test,3T ds000114 (GAN 3T->7T),train,P(4x6) (State-of-the-Art),0.9568,0.9586,0.957689,1.2247,1.022,1856.500,80.375,19.000,Lip Pursing,2
sub-ds114-06,sub-ds114-06_ses-retest,3T ds000114 (GAN 3T->7T),train,P(4x6) (State-of-the-Art),0.7691,0.7116,0.739236,2.5981,11.907,1787.000,381.750,196.875,Lip Pursing,2
sub-ds114-06,sub-ds114-06_ses-test,3T ds000114 (GAN 3T->7T),train,P(4x6) (State-of-the-Art),0.9234,0.8257,0.871829,1.8028,3.733,1490.500,102.125,49.750,Lip Pursing,2
sub-ds114-07,sub-ds114-07_ses-retest,3T ds000114 (GAN 3T->7T),val,P(4x6) (State-of-the-Art),0.6180,0.6259,0.621900,4.1533,9.442,2441.500,944.750,233.500,Lip Pursing,2
sub-ds114-07,sub-ds114-07_ses-test,3T ds000114 (GAN 3T->7T),val,P(4x6) (State-of-the-Art),0.8312,0.6800,0.748043,2.4495,3.116,2064.375,285.000,52.625,Lip Pursing,2
sub-ds114-08,sub-ds114-08_ses-retest,3T ds000114 (GAN 3T->7T),train,P(4x6) (State-of-the-Art),0.9388,0.9001,0.919044,2.4495,0.349,1382.625,81.125,4.625,Lip Pursing,2
sub-ds114-08,sub-ds114-08_ses-test,3T ds000114 (GAN 3T->7T),train,P(4x6) (State-of-the-Art),0.9551,0.9607,0.957893,1.4142,0.343,1303.875,58.875,4.500,Lip Pursing,2
sub-ds114-09,sub-ds114-09_ses-retest,3T ds000114 (GAN 3T->7T),test,P(4x6) (State-of-the-Art),0.6794,0.5782,0.624739,3.3541,14.980,1457.125,397.500,185.750,Lip Pursing,2
sub-ds114-09,sub-ds114-09_ses-test,3T ds000114 (GAN 3T->7T),test,P(4x6) (State-of-the-Art),0.4871,0.3653,0.417493,6.0208,23.022,1569.625,603.750,271.000,Lip Pursing,2
sub-ds114-10,sub-ds114-10_ses-retest,3T ds000114 (GAN 3T->7T),train,P(4x6) (State-of-the-Art),0.7813,0.7103,0.744118,5.5902,7.557,756.875,150.500,52.000,Lip Pursing,2
sub-ds114-10,sub-ds114-10_ses-test,3T ds000114 (GAN 3T->7T),train,P(4x6) (State-of-the-Art),0.7983,0.6737,0.730695,1.8708,5.083,1130.750,192.500,48.500,Lip Pursing,2
sub-mda-01,sub-mda-01_ses-7t,7T MDA atlas source,train,P(4x6) (State-of-the-Art),0.9311,0.9510,0.940954,1.5000,1.663,2553.375,179.625,43.375,Lip Pursing,2
sub-mda-02,sub-mda-02_ses-7t,7T MDA atlas source,train,P(4x6) (State-of-the-Art),0.8349,0.8166,0.825660,4.2720,5.933,1210.625,195.500,70.250,Lip Pursing,2
sub-mda-03,sub-mda-03_ses-7t,7T MDA atlas source,train,P(4x6) (State-of-the-Art),0.9144,0.8785,0.896067,3.0822,0.212,2387.875,196.500,4.875,Lip Pursing,2
sub-mda-04,sub-mda-04_ses-7t,7T MDA atlas source,train,P(4x6) (State-of-the-Art),0.9320,0.9236,0.927798,1.5000,1.569,916.500,61.750,14.250,Lip Pursing,2
sub-mda-05,sub-mda-05_ses-7t,7T MDA atlas source,train,P(4x6) (State-of-the-Art),0.8671,0.7647,0.812677,3.1623,2.464,1242.875,145.625,27.000,Lip Pursing,2
sub-mda-06,sub-mda-06_ses-7t,7T MDA atlas source,test,P(4x6) (State-of-the-Art),0.9819,0.9901,0.986005,0.5000,0.217,4176.000,76.125,9.125,Lip Pursing,2
sub-mda-07,sub-mda-07_ses-7t,7T MDA atlas source,val,P(4x6) (State-of-the-Art),0.8384,0.8086,0.823223,3.2404,2.204,1611.125,251.125,34.250,Lip Pursing,2
sub-mda-08,sub-mda-08_ses-7t,7T MDA atlas source,train,P(4x6) (State-of-the-Art),0.8878,0.9126,0.900066,1.6583,1.561,1870.125,215.625,30.000,Lip Pursing,2
sub-mda-09,sub-mda-09_ses-7t,7T MDA atlas source,train,P(4x6) (State-of-the-Art),0.8794,0.8308,0.854442,3.3166,1.790,1183.000,134.750,20.000,Lip Pursing,2
sub-mda-10,sub-mda-10_ses-7t,7T MDA atlas source,test,P(4x6) (State-of-the-Art),0.9532,0.9715,0.962269,1.1180,0.763,2073.875,98.875,16.125,Lip Pursing,2
sub-mda-11,sub-mda-11_ses-7t,7T MDA atlas source,val,P(4x6) (State-of-the-Art),0.8460,0.7659,0.803929,2.0000,2.191,1229.000,171.375,24.375,Lip Pursing,2
sub-mda-12,sub-mda-12_ses-7t,7T MDA atlas source,train,P(4x6) (State-of-the-Art),0.7272,0.6873,0.706712,4.0000,2.542,1175.750,303.125,28.250,Lip Pursing,2
sub-c7t-001,sub-c7t-001_run-1,7T ds003642 CEREBRUM-7T,train,P(3x4) (Patch-Based Core),0.9280,0.8781,0.902357,2.0000,2.463,1722.125,117.250,40.125,Lip Pursing,2
sub-c7t-001,sub-c7t-001_run-2,7T ds003642 CEREBRUM-7T,train,P(3x4) (Patch-Based Core),0.9595,0.9806,0.969977,2.2913,1.012,1511.375,62.500,15.625,Lip Pursing,2
sub-c7t-002,sub-c7t-002_run-1,7T ds003642 CEREBRUM-7T,train,P(3x4) (Patch-Based Core),0.7850,0.7943,0.789604,3.2787,2.783,1300.500,283.000,36.625,Lip Pursing,2
sub-c7t-002,sub-c7t-002_run-2,7T ds003642 CEREBRUM-7T,train,P(3x4) (Patch-Based Core),0.8629,0.7975,0.828943,4.8218,3.130,1344.000,170.250,38.875,Lip Pursing,2
sub-c7t-003,sub-c7t-003_run-1,7T ds003642 CEREBRUM-7T,train,P(3x4) (Patch-Based Core),0.8944,0.9767,0.933726,1.0000,0.824,1055.750,121.750,9.500,Lip Pursing,2
sub-c7t-004,sub-c7t-004_run-1,7T ds003642 CEREBRUM-7T,train,P(3x4) (Patch-Based Core),0.9661,0.9419,0.953866,0.8660,1.020,791.625,26.125,7.875,Lip Pursing,2
sub-c7t-004,sub-c7t-004_run-2,7T ds003642 CEREBRUM-7T,train,P(3x4) (Patch-Based Core),0.9715,0.9398,0.955344,2.1794,0.744,520.750,14.375,3.750,Lip Pursing,2
sub-c7t-005,sub-c7t-005_run-1,7T ds003642 CEREBRUM-7T,val,P(3x4) (Patch-Based Core),0.8571,0.4822,0.617145,3.0822,3.593,1391.375,111.875,28.125,Lip Pursing,2
sub-c7t-005,sub-c7t-005_run-2,7T ds003642 CEREBRUM-7T,val,P(3x4) (Patch-Based Core),0.5385,0.3481,0.422819,7.5498,13.229,1561.125,465.750,133.500,Lip Pursing,2
sub-c7t-006,sub-c7t-006_run-1,7T ds003642 CEREBRUM-7T,train,P(3x4) (Patch-Based Core),0.9115,0.9414,0.926173,1.2247,1.043,1833.250,167.625,19.750,Lip Pursing,2
sub-c7t-007,sub-c7t-007_run-1,7T ds003642 CEREBRUM-7T,train,P(3x4) (Patch-Based Core),0.8500,0.5876,0.694866,3.9051,1.376,1944.750,201.625,18.500,Lip Pursing,2
sub-c7t-007,sub-c7t-007_run-2,7T ds003642 CEREBRUM-7T,train,P(3x4) (Patch-Based Core),0.8029,0.4520,0.578431,4.3301,1.152,1696.750,188.250,11.000,Lip Pursing,2
sub-c7t-008,sub-c7t-008_run-1,7T ds003642 CEREBRUM-7T,train,P(3x4) (Patch-Based Core),0.8592,0.9330,0.894563,2.8284,1.302,1290.750,197.375,18.250,Lip Pursing,2
sub-c7t-008,sub-c7t-008_run-2,7T ds003642 CEREBRUM-7T,train,P(3x4) (Patch-Based Core),0.8533,0.8553,0.854267,1.4142,1.588,855.875,125.875,13.625,Lip Pursing,2
sub-c7t-009,sub-c7t-009_run-1,7T ds003642 CEREBRUM-7T,val,P(3x4) (Patch-Based Core),0.9183,0.8986,0.908349,0.8660,0.889,1609.625,128.625,14.000,Lip Pursing,2
sub-c7t-010,sub-c7t-010_run-1,7T ds003642 CEREBRUM-7T,test,P(3x4) (Patch-Based Core),0.9554,0.7704,0.852994,1.0000,1.039,805.375,29.000,6.750,Lip Pursing,2
sub-c7t-010,sub-c7t-010_run-2,7T ds003642 CEREBRUM-7T,test,P(3x4) (Patch-Based Core),0.8717,0.8778,0.874715,2.0000,1.591,709.875,91.750,11.375,Lip Pursing,2
sub-c7t-011,sub-c7t-011_run-1,7T ds003642 CEREBRUM-7T,train,P(3x4) (Patch-Based Core),0.8610,0.4378,0.580471,3.3166,4.553,1565.750,110.625,36.250,Lip Pursing,2
sub-c7t-011,sub-c7t-011_run-2,7T ds003642 CEREBRUM-7T,train,P(3x4) (Patch-Based Core),0.9334,0.8221,0.874226,2.1794,1.961,933.750,54.750,16.125,Lip Pursing,2
sub-c7t-012,sub-c7t-012_run-1,7T ds003642 CEREBRUM-7T,train,P(3x4) (Patch-Based Core),0.8256,0.8161,0.820858,2.2361,5.539,2408.625,415.125,131.875,Lip Pursing,2
sub-c7t-013,sub-c7t-013_run-1,7T ds003642 CEREBRUM-7T,train,P(3x4) (Patch-Based Core),0.9480,0.9397,0.943846,1.7321,4.308,1258.750,64.875,53.750,Lip Pursing,2
sub-c7t-013,sub-c7t-013_run-2,7T ds003642 CEREBRUM-7T,train,P(3x4) (Patch-Based Core),0.9326,0.9695,0.950663,2.2361,4.421,1650.875,115.750,75.875,Lip Pursing,2
sub-c7t-014,sub-c7t-014_run-1,7T ds003642 CEREBRUM-7T,test,P(3x4) (Patch-Based Core),0.8452,0.4683,0.602640,4.0927,5.089,1041.875,89.375,29.375,Lip Pursing,2
sub-c7t-015,sub-c7t-015_run-1,7T ds003642 CEREBRUM-7T,train,P(3x4) (Patch-Based Core),0.8237,0.6876,0.749553,2.4495,1.342,2097.000,308.625,23.500,Lip Pursing,2
sub-c7t-015,sub-c7t-015_run-2,7T ds003642 CEREBRUM-7T,train,P(3x4) (Patch-Based Core),0.8763,0.5225,0.654673,4.1533,2.685,2233.000,164.625,35.750,Lip Pursing,2
sub-c7t-016,sub-c7t-016_run-1,7T ds003642 CEREBRUM-7T,train,P(3x4) (Patch-Based Core),0.8390,0.9402,0.886691,2.8723,11.708,2068.375,373.250,271.375,Lip Pursing,2
sub-c7t-016,sub-c7t-016_run-2,7T ds003642 CEREBRUM-7T,train,P(3x4) (Patch-Based Core),0.6905,0.5081,0.585379,5.0990,20.784,1109.125,252.625,169.625,Lip Pursing,2
sub-c7t-017,sub-c7t-017_run-1,7T ds003642 CEREBRUM-7T,train,P(3x4) (Patch-Based Core),0.8420,0.7595,0.798659,1.5000,5.656,1313.125,187.125,67.000,Lip Pursing,2
sub-c7t-018,sub-c7t-018_run-1,7T ds003642 CEREBRUM-7T,train,P(3x4) (Patch-Based Core),0.9059,0.8118,0.856299,2.1213,1.453,1517.125,127.875,19.750,Lip Pursing,2
sub-c7t-019,sub-c7t-019_run-1,7T ds003642 CEREBRUM-7T,train,P(3x4) (Patch-Based Core),0.7815,0.8500,0.814318,1.2247,0.795,1793.250,426.125,15.500,Lip Pursing,2
sub-c7t-020,sub-c7t-020_run-1,7T ds003642 CEREBRUM-7T,train,P(3x4) (Patch-Based Core),0.8456,0.4791,0.611622,2.8284,4.404,1337.500,117.000,33.375,Lip Pursing,2
sub-c7t-021,sub-c7t-021_run-1,7T ds003642 CEREBRUM-7T,train,P(3x4) (Patch-Based Core),0.9471,0.8808,0.912765,2.0616,1.036,1336.375,65.750,12.875,Lip Pursing,2
sub-c7t-021,sub-c7t-021_run-2,7T ds003642 CEREBRUM-7T,train,P(3x4) (Patch-Based Core),0.8864,0.8423,0.863797,3.3166,1.751,1142.125,123.250,19.000,Lip Pursing,2
sub-c7t-022,sub-c7t-022_run-1,7T ds003642 CEREBRUM-7T,train,P(3x4) (Patch-Based Core),0.8552,0.1760,0.291972,4.4721,2.836,1841.250,54.875,10.750,Lip Pursing,2
sub-c7t-023,sub-c7t-023_run-1,7T ds003642 CEREBRUM-7T,train,P(3x4) (Patch-Based Core),0.8604,0.7424,0.797043,2.3452,3.041,1824.375,219.750,47.875,Lip Pursing,2
sub-c7t-024,sub-c7t-024_run-1,7T ds003642 CEREBRUM-7T,train,P(3x4) (Patch-Based Core),0.8309,0.3501,0.492655,6.5383,1.726,927.875,66.125,6.750,Lip Pursing,2
sub-c7t-024,sub-c7t-024_run-2,7T ds003642 CEREBRUM-7T,train,P(3x4) (Patch-Based Core),0.9357,0.9380,0.936870,2.1794,0.966,903.750,58.250,8.750,Lip Pursing,2
sub-c7t-025,sub-c7t-025_run-1,7T ds003642 CEREBRUM-7T,train,P(3x4) (Patch-Based Core),0.8361,0.5809,0.685489,1.5811,1.897,1849.625,210.625,24.375,Lip Pursing,2
sub-c7t-025,sub-c7t-025_run-2,7T ds003642 CEREBRUM-7T,train,P(3x4) (Patch-Based Core),0.7305,0.3801,0.500032,5.9582,5.345,1280.875,179.625,35.625,Lip Pursing,2
sub-c7t-026,sub-c7t-026_run-1,7T ds003642 CEREBRUM-7T,val,P(3x4) (Patch-Based Core),0.7627,0.7690,0.765845,3.0414,1.995,1131.375,270.625,22.750,Lip Pursing,2
sub-c7t-027,sub-c7t-027_run-1,7T ds003642 CEREBRUM-7T,test,P(3x4) (Patch-Based Core),0.6906,0.4565,0.549650,2.8723,5.872,1793.875,366.875,69.625,Lip Pursing,2
sub-c7t-028,sub-c7t-028_run-1,7T ds003642 CEREBRUM-7T,train,P(3x4) (Patch-Based Core),0.4280,0.5602,0.485217,17.9444,21.077,1503.375,1125.625,414.750,Lip Pursing,2
sub-c7t-029,sub-c7t-029_run-1,7T ds003642 CEREBRUM-7T,train,P(3x4) (Patch-Based Core),0.9309,0.8657,0.897154,1.0000,0.513,2253.250,144.750,10.750,Lip Pursing,2
sub-c7t-029,sub-c7t-029_run-2,7T ds003642 CEREBRUM-7T,train,P(3x4) (Patch-Based Core),0.9448,0.2082,0.341211,2.0000,0.433,2097.750,25.500,2.000,Lip Pursing,2
sub-c7t-030,sub-c7t-030_run-1,7T ds003642 CEREBRUM-7T,val,P(3x4) (Patch-Based Core),0.9439,0.9851,0.964055,1.0000,0.870,1514.375,88.750,13.750,Lip Pursing,2
sub-c7t-030,sub-c7t-030_run-2,7T ds003642 CEREBRUM-7T,val,P(3x4) (Patch-Based Core),0.7988,0.8047,0.801738,2.6926,2.944,1504.750,305.000,44.625,Lip Pursing,2
sub-c7t-031,sub-c7t-031_run-1,7T ds003642 CEREBRUM-7T,train,P(3x4) (Patch-Based Core),0.8373,0.9690,0.898328,1.5000,7.413,1390.000,261.750,119.250,Lip Pursing,2
sub-c7t-031,sub-c7t-031_run-2,7T ds003642 CEREBRUM-7T,train,P(3x4) (Patch-Based Core),0.8834,0.6841,0.771063,3.3541,3.920,1531.750,138.375,46.500,Lip Pursing,2
sub-c7t-032,sub-c7t-032_run-1,7T ds003642 CEREBRUM-7T,val,P(3x4) (Patch-Based Core),0.9459,0.6870,0.795957,1.0000,0.592,2557.500,100.500,11.000,Lip Pursing,2
sub-c7t-032,sub-c7t-032_run-2,7T ds003642 CEREBRUM-7T,val,P(3x4) (Patch-Based Core),0.8723,0.5335,0.662068,3.0822,0.697,3575.625,279.375,15.250,Lip Pursing,2
sub-c7t-033,sub-c7t-033_run-1,7T ds003642 CEREBRUM-7T,test,P(3x4) (Patch-Based Core),0.5643,0.3654,0.443590,6.5765,12.479,809.000,228.250,65.375,Lip Pursing,2
sub-c7t-033,sub-c7t-033_run-2,7T ds003642 CEREBRUM-7T,test,P(3x4) (Patch-Based Core),0.7818,0.5292,0.631165,3.7749,4.351,1061.000,156.750,31.250,Lip Pursing,2
sub-c7t-034,sub-c7t-034_run-1,7T ds003642 CEREBRUM-7T,train,P(3x4) (Patch-Based Core),0.6688,0.3066,0.420425,8.8034,8.992,1552.625,235.750,64.000,Lip Pursing,2
sub-c7t-034,sub-c7t-034_run-2,7T ds003642 CEREBRUM-7T,train,P(3x4) (Patch-Based Core),0.7471,0.5660,0.644049,2.5981,3.763,1534.500,294.000,43.750,Lip Pursing,2
sub-c7t-035,sub-c7t-035_run-1,7T ds003642 CEREBRUM-7T,train,P(3x4) (Patch-Based Core),0.9278,0.9468,0.937212,1.4142,2.607,831.625,61.250,22.125,Lip Pursing,2
sub-c7t-036,sub-c7t-036_run-1,7T ds003642 CEREBRUM-7T,train,P(3x4) (Patch-Based Core),0.8826,0.4124,0.562175,2.5981,3.376,1259.875,69.125,19.875,Lip Pursing,2
sub-c7t-036,sub-c7t-036_run-2,7T ds003642 CEREBRUM-7T,train,P(3x4) (Patch-Based Core),0.8497,0.9511,0.897528,3.4641,3.669,1512.625,254.500,62.125,Lip Pursing,2
sub-c7t-037,sub-c7t-037_run-1,7T ds003642 CEREBRUM-7T,train,P(3x4) (Patch-Based Core),0.9209,0.5319,0.674322,1.4142,1.029,1807.875,82.625,10.750,Lip Pursing,2
sub-c7t-037,sub-c7t-037_run-2,7T ds003642 CEREBRUM-7T,train,P(3x4) (Patch-Based Core),0.9187,0.7041,0.797234,2.5981,1.827,1535.250,95.625,21.500,Lip Pursing,2
sub-c7t-038,sub-c7t-038_run-1,7T ds003642 CEREBRUM-7T,train,P(3x4) (Patch-Based Core),0.8524,0.5140,0.641304,4.5552,6.842,1305.625,116.250,53.875,Lip Pursing,2
sub-c7t-038,sub-c7t-038_run-2,7T ds003642 CEREBRUM-7T,train,P(3x4) (Patch-Based Core),0.8589,0.5686,0.684222,2.5981,2.207,1762.250,164.625,25.750,Lip Pursing,2
sub-c7t-039,sub-c7t-039_run-1,7T ds003642 CEREBRUM-7T,test,P(3x4) (Patch-Based Core),0.8436,0.8426,0.843130,2.2913,3.654,1548.000,241.750,56.500,Lip Pursing,2
sub-c7t-040,sub-c7t-040_run-1,7T ds003642 CEREBRUM-7T,train,P(3x4) (Patch-Based Core),0.9232,0.9304,0.926789,1.5000,2.047,2345.375,181.500,48.375,Lip Pursing,2
sub-c7t-040,sub-c7t-040_run-2,7T ds003642 CEREBRUM-7T,train,P(3x4) (Patch-Based Core),0.7597,0.5318,0.625666,3.6401,3.440,1946.375,327.375,46.875,Lip Pursing,2
sub-c7t-041,sub-c7t-041_run-1,7T ds003642 CEREBRUM-7T,train,P(3x4) (Patch-Based Core),0.9293,0.9313,0.930288,1.5811,3.098,1055.000,74.750,32.750,Lip Pursing,2
sub-c7t-042,sub-c7t-042_run-1,7T ds003642 CEREBRUM-7T,val,P(3x4) (Patch-Based Core),0.7818,0.3845,0.515473,4.0000,8.373,1278.000,137.125,52.625,Lip Pursing,2
sub-c7t-043,sub-c7t-043_run-1,7T ds003642 CEREBRUM-7T,train,P(3x4) (Patch-Based Core),0.8148,0.6610,0.729909,2.8284,2.058,561.625,84.375,9.375,Lip Pursing,2
sub-c7t-044,sub-c7t-044_run-1,7T ds003642 CEREBRUM-7T,test,P(3x4) (Patch-Based Core),0.8094,0.5789,0.675032,2.9155,4.052,2079.125,283.375,60.250,Lip Pursing,2
sub-c7t-044,sub-c7t-044_run-2,7T ds003642 CEREBRUM-7T,test,P(3x4) (Patch-Based Core),0.8784,0.7598,0.814830,3.1623,4.224,1912.625,201.125,69.875,Lip Pursing,2
sub-c7t-045,sub-c7t-045_run-1,7T ds003642 CEREBRUM-7T,train,P(3x4) (Patch-Based Core),0.7401,0.5097,0.603664,3.0414,2.292,1995.750,357.250,31.500,Lip Pursing,2
sub-c7t-045,sub-c7t-045_run-2,7T ds003642 CEREBRUM-7T,train,P(3x4) (Patch-Based Core),0.8733,0.8164,0.843884,4.1833,0.865,1701.250,201.500,13.750,Lip Pursing,2
sub-c7t-046,sub-c7t-046_run-1,7T ds003642 CEREBRUM-7T,test,P(3x4) (Patch-Based Core),0.4985,0.4799,0.489057,4.0927,24.595,1193.125,576.000,282.500,Lip Pursing,2
sub-c7t-047,sub-c7t-047_run-1,7T ds003642 CEREBRUM-7T,train,P(3x4) (Patch-Based Core),0.8827,0.6815,0.769187,3.0000,3.631,1738.875,157.500,48.750,Lip Pursing,2
sub-c7t-047,sub-c7t-047_run-2,7T ds003642 CEREBRUM-7T,train,P(3x4) (Patch-Based Core),0.7795,0.6443,0.705511,8.5000,12.333,1085.250,197.750,110.625,Lip Pursing,2
sub-c7t-048,sub-c7t-048_run-1,7T ds003642 CEREBRUM-7T,train,P(3x4) (Patch-Based Core),0.9320,0.9576,0.944610,1.4142,3.871,1552.750,108.500,61.750,Lip Pursing,2
sub-c7t-048,sub-c7t-048_run-2,7T ds003642 CEREBRUM-7T,train,P(3x4) (Patch-Based Core),0.9084,0.9712,0.938743,1.8028,2.340,1798.750,176.250,45.000,Lip Pursing,2
sub-c7t-049,sub-c7t-049_run-1,7T ds003642 CEREBRUM-7T,train,P(3x4) (Patch-Based Core),0.5569,0.7228,0.629096,2.9580,4.457,1095.625,630.000,63.375,Lip Pursing,2
sub-c7t-049,sub-c7t-049_run-2,7T ds003642 CEREBRUM-7T,train,P(3x4) (Patch-Based Core),0.8260,0.4179,0.554963,2.3452,0.783,1104.750,97.250,4.375,Lip Pursing,2
sub-c7t-050,sub-c7t-050_run-1,7T ds003642 CEREBRUM-7T,train,P(3x4) (Patch-Based Core),0.8085,0.6878,0.743307,2.0000,3.142,2207.250,359.625,59.000,Lip Pursing,2
sub-c7t-050,sub-c7t-050_run-2,7T ds003642 CEREBRUM-7T,train,P(3x4) (Patch-Based Core),0.8039,0.6793,0.736401,2.5981,3.488,1488.375,246.625,43.875,Lip Pursing,2
sub-c7t-051,sub-c7t-051_run-1,7T ds003642 CEREBRUM-7T,train,P(3x4) (Patch-Based Core),0.9391,0.7562,0.837757,2.2913,1.586,1223.625,60.000,15.625,Lip Pursing,2
sub-c7t-052,sub-c7t-052_run-1,7T ds003642 CEREBRUM-7T,train,P(3x4) (Patch-Based Core),0.9447,0.9758,0.959985,0.8660,1.455,965.000,55.125,14.500,Lip Pursing,2
sub-c7t-053,sub-c7t-053_run-1,7T ds003642 CEREBRUM-7T,val,P(3x4) (Patch-Based Core),0.9329,0.9499,0.941317,2.0000,0.826,2289.250,156.375,19.250,Lip Pursing,2
sub-c7t-053,sub-c7t-053_run-2,7T ds003642 CEREBRUM-7T,val,P(3x4) (Patch-Based Core),0.8676,0.8139,0.839892,2.0000,5.660,2368.125,294.250,125.750,Lip Pursing,2
sub-c7t-054,sub-c7t-054_run-1,7T ds003642 CEREBRUM-7T,train,P(3x4) (Patch-Based Core),0.8401,0.5563,0.669345,4.3589,5.951,1142.000,120.875,45.000,Lip Pursing,2
sub-c7t-055,sub-c7t-055_run-1,7T ds003642 CEREBRUM-7T,train,P(3x4) (Patch-Based Core),0.7820,0.6841,0.729819,1.8708,5.649,2142.500,408.500,105.875,Lip Pursing,2
sub-c7t-055,sub-c7t-055_run-2,7T ds003642 CEREBRUM-7T,train,P(3x4) (Patch-Based Core),0.8935,0.7746,0.829806,2.0616,3.702,1550.000,143.125,49.750,Lip Pursing,2
sub-c7t-056,sub-c7t-056_run-1,7T ds003642 CEREBRUM-7T,test,P(3x4) (Patch-Based Core),0.8538,0.7603,0.804343,2.1794,2.909,2369.000,308.375,61.375,Lip Pursing,2
sub-c7t-056,sub-c7t-056_run-2,7T ds003642 CEREBRUM-7T,test,P(3x4) (Patch-Based Core),0.9035,0.7599,0.825521,3.0414,1.596,2029.250,164.750,27.250,Lip Pursing,2
sub-c7t-057,sub-c7t-057_run-1,7T ds003642 CEREBRUM-7T,train,P(3x4) (Patch-Based Core),0.4940,0.8048,0.612197,3.3912,9.619,1920.875,1583.500,301.000,Lip Pursing,2
sub-c7t-057,sub-c7t-057_run-2,7T ds003642 CEREBRUM-7T,train,P(3x4) (Patch-Based Core),0.7730,0.8441,0.806969,4.0311,5.207,1255.250,311.125,71.375,Lip Pursing,2
sub-c7t-058,sub-c7t-058_run-1,7T ds003642 CEREBRUM-7T,train,P(3x4) (Patch-Based Core),0.7835,0.1444,0.243906,7.0178,6.087,1459.125,58.250,16.375,Lip Pursing,2
sub-c7t-058,sub-c7t-058_run-2,7T ds003642 CEREBRUM-7T,train,P(3x4) (Patch-Based Core),0.6913,0.6269,0.657572,3.4641,8.256,1182.125,330.875,88.500,Lip Pursing,2
sub-c7t-059,sub-c7t-059_run-1,7T ds003642 CEREBRUM-7T,train,P(3x4) (Patch-Based Core),0.7514,0.4132,0.533184,5.7446,11.484,1152.000,157.500,72.750,Lip Pursing,2
sub-c7t-060,sub-c7t-060_run-1,7T ds003642 CEREBRUM-7T,train,P(3x4) (Patch-Based Core),0.9265,0.8387,0.880413,2.0000,2.490,1930.125,128.375,43.500,Lip Pursing,2
sub-c7t-061,sub-c7t-061_run-1,7T ds003642 CEREBRUM-7T,test,P(3x4) (Patch-Based Core),0.8435,0.5208,0.644000,4.0311,3.654,2139.000,206.625,48.250,Lip Pursing,2
sub-c7t-061,sub-c7t-061_run-2,7T ds003642 CEREBRUM-7T,test,P(3x4) (Patch-Based Core),0.8415,0.3949,0.537491,3.0414,2.678,2466.750,183.500,31.000,Lip Pursing,2
sub-c7t-062,sub-c7t-062_run-1,7T ds003642 CEREBRUM-7T,train,P(3x4) (Patch-Based Core),0.9397,0.8200,0.875746,3.5000,1.730,2392.750,126.000,36.125,Lip Pursing,2
sub-c7t-062,sub-c7t-062_run-2,7T ds003642 CEREBRUM-7T,train,P(3x4) (Patch-Based Core),0.9140,0.9359,0.924805,2.9155,0.907,1924.375,169.500,17.875,Lip Pursing,2
sub-c7t-063,sub-c7t-063_run-1,7T ds003642 CEREBRUM-7T,test,P(3x4) (Patch-Based Core),0.8851,0.6644,0.759042,3.6742,4.799,888.375,76.625,32.000,Lip Pursing,2
sub-c7t-063,sub-c7t-063_run-2,7T ds003642 CEREBRUM-7T,test,P(3x4) (Patch-Based Core),0.7089,0.5926,0.645544,4.2720,10.332,917.625,223.250,79.250,Lip Pursing,2
sub-c7t-064,sub-c7t-064_run-1,7T ds003642 CEREBRUM-7T,train,P(3x4) (Patch-Based Core),0.9641,0.9459,0.954903,1.4142,0.902,1779.625,62.750,15.750,Lip Pursing,2
sub-c7t-064,sub-c7t-064_run-2,7T ds003642 CEREBRUM-7T,train,P(3x4) (Patch-Based Core),0.9688,0.6810,0.799818,1.5811,1.325,1288.875,28.250,12.000,Lip Pursing,2
sub-c7t-065,sub-c7t-065_run-1,7T ds003642 CEREBRUM-7T,train,P(3x4) (Patch-Based Core),0.8011,0.4455,0.572581,3.9051,1.727,1692.250,187.125,16.250,Lip Pursing,2
sub-c7t-065,sub-c7t-065_run-2,7T ds003642 CEREBRUM-7T,train,P(3x4) (Patch-Based Core),0.9006,0.8473,0.873140,1.0000,1.249,1510.375,141.250,17.750,Lip Pursing,2
sub-c7t-066,sub-c7t-066_run-1,7T ds003642 CEREBRUM-7T,val,P(3x4) (Patch-Based Core),0.9197,0.1461,0.252119,4.1833,0.581,1488.875,19.000,1.375,Lip Pursing,2
sub-c7t-066,sub-c7t-066_run-2,7T ds003642 CEREBRUM-7T,val,P(3x4) (Patch-Based Core),0.9273,0.9835,0.954543,0.8660,0.302,938.125,72.375,3.000,Lip Pursing,2
sub-c7t-067,sub-c7t-067_run-1,7T ds003642 CEREBRUM-7T,train,P(3x4) (Patch-Based Core),0.9517,0.6664,0.783868,1.0000,0.746,1507.625,51.000,7.875,Lip Pursing,2
sub-c7t-068,sub-c7t-068_run-1,7T ds003642 CEREBRUM-7T,train,P(3x4) (Patch-Based Core),0.9717,0.9389,0.955055,0.8660,0.821,1858.625,50.750,14.750,Lip Pursing,2
sub-c7t-068,sub-c7t-068_run-2,7T ds003642 CEREBRUM-7T,train,P(3x4) (Patch-Based Core),0.9453,0.9895,0.966908,0.5000,1.284,1153.500,66.000,15.500,Lip Pursing,2
sub-c7t-069,sub-c7t-069_run-1,7T ds003642 CEREBRUM-7T,train,P(3x4) (Patch-Based Core),0.9079,0.7950,0.847714,2.1794,3.565,2122.500,171.125,66.250,Lip Pursing,2
sub-c7t-069,sub-c7t-069_run-2,7T ds003642 CEREBRUM-7T,train,P(3x4) (Patch-Based Core),0.9460,0.8277,0.882888,1.4142,0.751,2167.750,102.500,14.250,Lip Pursing,2
sub-c7t-070,sub-c7t-070_run-1,7T ds003642 CEREBRUM-7T,test,P(3x4) (Patch-Based Core),0.9348,0.7997,0.862021,2.2913,3.179,2426.625,135.250,66.000,Lip Pursing,2
sub-c7t-071,sub-c7t-071_run-1,7T ds003642 CEREBRUM-7T,train,P(3x4) (Patch-Based Core),0.6710,0.6640,0.667473,4.1231,9.026,1350.625,439.625,120.625,Lip Pursing,2
sub-c7t-072,sub-c7t-072_run-1,7T ds003642 CEREBRUM-7T,test,P(3x4) (Patch-Based Core),0.8672,0.8661,0.866612,3.0000,0.894,1302.000,172.750,11.625,Lip Pursing,2
sub-c7t-072,sub-c7t-072_run-2,7T ds003642 CEREBRUM-7T,test,P(3x4) (Patch-Based Core),0.8893,0.9439,0.915781,1.4142,1.185,1540.875,181.000,19.375,Lip Pursing,2
sub-c7t-073,sub-c7t-073_run-1,7T ds003642 CEREBRUM-7T,val,P(3x4) (Patch-Based Core),0.9035,0.8922,0.897807,3.0000,6.143,1669.000,159.125,101.250,Lip Pursing,2
sub-c7t-074,sub-c7t-074_run-1,7T ds003642 CEREBRUM-7T,val,P(3x4) (Patch-Based Core),0.7165,0.5407,0.616300,8.3964,4.958,1292.750,276.625,48.375,Lip Pursing,2
sub-c7t-074,sub-c7t-074_run-2,7T ds003642 CEREBRUM-7T,val,P(3x4) (Patch-Based Core),0.8241,0.6636,0.735212,2.5981,3.387,1086.250,153.875,29.625,Lip Pursing,2
sub-c7t-075,sub-c7t-075_run-1,7T ds003642 CEREBRUM-7T,train,P(3x4) (Patch-Based Core),0.9451,0.8934,0.918505,2.0000,2.902,1444.500,75.000,39.625,Lip Pursing,2
sub-c7t-075,sub-c7t-075_run-2,7T ds003642 CEREBRUM-7T,train,P(3x4) (Patch-Based Core),0.9394,0.9925,0.965187,0.8660,3.185,1192.500,76.375,40.125,Lip Pursing,2
sub-c7t-076,sub-c7t-076_run-1,7T ds003642 CEREBRUM-7T,val,P(3x4) (Patch-Based Core),0.9077,0.7844,0.841516,2.2913,1.737,1557.000,124.250,23.375,Lip Pursing,2
sub-c7t-076,sub-c7t-076_run-2,7T ds003642 CEREBRUM-7T,val,P(3x4) (Patch-Based Core),0.9426,0.8899,0.915501,1.6583,2.478,1517.250,82.250,35.500,Lip Pursing,2
sub-ds114-01,sub-ds114-01_ses-retest,3T ds000114 (GAN 3T->7T),val,P(3x4) (Patch-Based Core),0.8731,0.8348,0.853535,1.6583,2.486,804.500,97.625,19.125,Lip Pursing,2
sub-ds114-01,sub-ds114-01_ses-test,3T ds000114 (GAN 3T->7T),val,P(3x4) (Patch-Based Core),0.8854,0.7612,0.818623,2.0000,1.310,1619.750,159.625,18.250,Lip Pursing,2
sub-ds114-02,sub-ds114-02_ses-retest,3T ds000114 (GAN 3T->7T),train,P(3x4) (Patch-Based Core),0.9584,0.8781,0.916519,1.8028,0.926,1400.250,53.375,11.875,Lip Pursing,2
sub-ds114-02,sub-ds114-02_ses-test,3T ds000114 (GAN 3T->7T),train,P(3x4) (Patch-Based Core),0.8945,0.9061,0.900256,2.2913,4.015,1699.625,181.625,69.125,Lip Pursing,2
sub-ds114-03,sub-ds114-03_ses-retest,3T ds000114 (GAN 3T->7T),train,P(3x4) (Patch-Based Core),0.9052,0.7722,0.833412,3.6401,1.122,1580.375,127.875,15.125,Lip Pursing,2
sub-ds114-03,sub-ds114-03_ses-test,3T ds000114 (GAN 3T->7T),train,P(3x4) (Patch-Based Core),0.8125,0.8151,0.813808,3.3912,1.513,1079.125,203.000,16.375,Lip Pursing,2
sub-ds114-04,sub-ds114-04_ses-retest,3T ds000114 (GAN 3T->7T),train,P(3x4) (Patch-Based Core),0.7425,0.6750,0.707144,3.6742,4.856,1398.625,327.500,61.750,Lip Pursing,2
sub-ds114-04,sub-ds114-04_ses-test,3T ds000114 (GAN 3T->7T),train,P(3x4) (Patch-Based Core),0.8614,0.5696,0.685735,9.5000,4.795,1486.375,136.250,47.125,Lip Pursing,2
sub-ds114-05,sub-ds114-05_ses-retest,3T ds000114 (GAN 3T->7T),train,P(3x4) (Patch-Based Core),0.8376,0.6535,0.734218,2.6926,2.076,1867.500,236.625,30.250,Lip Pursing,2
sub-ds114-05,sub-ds114-05_ses-test,3T ds000114 (GAN 3T->7T),train,P(3x4) (Patch-Based Core),0.9454,0.9721,0.958568,1.0000,2.194,1856.500,104.125,41.875,Lip Pursing,2
sub-ds114-06,sub-ds114-06_ses-retest,3T ds000114 (GAN 3T->7T),train,P(3x4) (Patch-Based Core),0.7501,0.7788,0.764173,2.1794,13.271,1787.000,463.750,246.250,Lip Pursing,2
sub-ds114-06,sub-ds114-06_ses-test,3T ds000114 (GAN 3T->7T),train,P(3x4) (Patch-Based Core),0.8957,0.6225,0.734550,1.8028,5.611,1490.500,108.000,58.125,Lip Pursing,2
sub-ds114-07,sub-ds114-07_ses-retest,3T ds000114 (GAN 3T->7T),val,P(3x4) (Patch-Based Core),0.5628,0.2827,0.376376,4.8990,5.993,2441.500,536.125,73.500,Lip Pursing,2
sub-ds114-07,sub-ds114-07_ses-test,3T ds000114 (GAN 3T->7T),val,P(3x4) (Patch-Based Core),0.8066,0.5451,0.650551,3.2404,1.873,2064.375,269.750,26.125,Lip Pursing,2
sub-ds114-08,sub-ds114-08_ses-retest,3T ds000114 (GAN 3T->7T),train,P(3x4) (Patch-Based Core),0.9249,0.9687,0.946304,2.2361,0.734,1382.625,108.750,10.625,Lip Pursing,2
sub-ds114-08,sub-ds114-08_ses-test,3T ds000114 (GAN 3T->7T),train,P(3x4) (Patch-Based Core),0.9401,0.9126,0.926108,2.2913,0.326,1303.875,75.875,4.125,Lip Pursing,2
sub-ds114-09,sub-ds114-09_ses-retest,3T ds000114 (GAN 3T->7T),test,P(3x4) (Patch-Based Core),0.6554,0.6126,0.633292,3.7749,22.552,1457.125,469.250,307.125,Lip Pursing,2
sub-ds114-09,sub-ds114-09_ses-test,3T ds000114 (GAN 3T->7T),test,P(3x4) (Patch-Based Core),0.5211,0.6752,0.588199,5.3151,21.420,1569.625,974.000,435.625,Lip Pursing,2
sub-ds114-10,sub-ds114-10_ses-retest,3T ds000114 (GAN 3T->7T),train,P(3x4) (Patch-Based Core),0.7878,0.5254,0.630338,6.6521,4.606,756.875,107.125,23.250,Lip Pursing,2
sub-ds114-10,sub-ds114-10_ses-test,3T ds000114 (GAN 3T->7T),train,P(3x4) (Patch-Based Core),0.7736,0.2697,0.400000,2.6926,4.090,1130.750,89.250,16.125,Lip Pursing,2
sub-mda-01,sub-mda-01_ses-7t,7T MDA atlas source,train,P(3x4) (Patch-Based Core),0.9270,0.7816,0.848074,2.5000,2.613,2553.375,157.250,56.250,Lip Pursing,2
sub-mda-02,sub-mda-02_ses-7t,7T MDA atlas source,train,P(3x4) (Patch-Based Core),0.7850,0.7148,0.748271,4.3875,7.302,1210.625,237.000,80.500,Lip Pursing,2
sub-mda-03,sub-mda-03_ses-7t,7T MDA atlas source,train,P(3x4) (Patch-Based Core),0.9005,0.8448,0.871766,2.8284,0.162,2387.875,223.000,3.625,Lip Pursing,2
sub-mda-04,sub-mda-04_ses-7t,7T MDA atlas source,train,P(3x4) (Patch-Based Core),0.9313,0.8857,0.907934,2.0616,0.975,916.500,59.875,8.500,Lip Pursing,2
sub-mda-05,sub-mda-05_ses-7t,7T MDA atlas source,train,P(3x4) (Patch-Based Core),0.8760,0.5525,0.677644,4.3301,1.722,1242.875,97.250,13.500,Lip Pursing,2
sub-mda-06,sub-mda-06_ses-7t,7T MDA atlas source,test,P(3x4) (Patch-Based Core),0.9840,0.9895,0.986746,0.5000,0.176,4176.000,67.000,7.375,Lip Pursing,2
sub-mda-07,sub-mda-07_ses-7t,7T MDA atlas source,val,P(3x4) (Patch-Based Core),0.8032,0.9357,0.864392,2.1794,2.498,1611.125,369.375,46.875,Lip Pursing,2
sub-mda-08,sub-mda-08_ses-7t,7T MDA atlas source,train,P(3x4) (Patch-Based Core),0.8962,0.9289,0.912236,1.4142,1.219,1870.125,201.250,23.625,Lip Pursing,2
sub-mda-09,sub-mda-09_ses-7t,7T MDA atlas source,train,P(3x4) (Patch-Based Core),0.8688,0.6142,0.719653,4.8477,3.079,1183.000,109.750,25.750,Lip Pursing,2
sub-mda-10,sub-mda-10_ses-7t,7T MDA atlas source,test,P(3x4) (Patch-Based Core),0.9518,0.9482,0.949997,1.4142,1.101,2073.875,99.500,22.750,Lip Pursing,2
sub-mda-11,sub-mda-11_ses-7t,7T MDA atlas source,val,P(3x4) (Patch-Based Core),0.8167,0.5580,0.663001,2.3452,1.385,1229.000,153.875,11.625,Lip Pursing,2
sub-mda-12,sub-mda-12_ses-7t,7T MDA atlas source,train,P(3x4) (Patch-Based Core),0.7146,0.6662,0.689519,3.0822,4.596,1175.750,312.875,50.375,Lip Pursing,2
sub-c7t-001,sub-c7t-001_run-1,7T ds003642 CEREBRUM-7T,train,DUCK-Net (Multi-Scale),0.8916,0.9575,0.923352,2.5000,2.812,1722.125,200.500,52.000,Lip Pursing,2
sub-c7t-001,sub-c7t-001_run-2,7T ds003642 CEREBRUM-7T,train,DUCK-Net (Multi-Scale),0.8944,0.9793,0.934939,2.0616,3.120,1511.375,174.750,51.625,Lip Pursing,2
sub-c7t-002,sub-c7t-002_run-1,7T ds003642 CEREBRUM-7T,train,DUCK-Net (Multi-Scale),0.7812,0.8490,0.813689,4.0000,6.306,1300.500,309.250,89.125,Lip Pursing,2
sub-c7t-002,sub-c7t-002_run-2,7T ds003642 CEREBRUM-7T,train,DUCK-Net (Multi-Scale),0.8094,0.8337,0.821368,2.5495,3.476,1344.000,263.875,48.125,Lip Pursing,2
sub-c7t-003,sub-c7t-003_run-1,7T ds003642 CEREBRUM-7T,train,DUCK-Net (Multi-Scale),0.8945,0.8996,0.897048,2.4495,1.260,1055.750,112.000,13.375,Lip Pursing,2
sub-c7t-004,sub-c7t-004_run-1,7T ds003642 CEREBRUM-7T,train,DUCK-Net (Multi-Scale),0.9666,0.9863,0.976319,0.8660,1.037,791.625,27.000,8.375,Lip Pursing,2
sub-c7t-004,sub-c7t-004_run-2,7T ds003642 CEREBRUM-7T,train,DUCK-Net (Multi-Scale),0.9545,0.9054,0.929293,1.5811,1.240,520.750,22.500,6.125,Lip Pursing,2
sub-c7t-005,sub-c7t-005_run-1,7T ds003642 CEREBRUM-7T,val,DUCK-Net (Multi-Scale),0.7360,0.8882,0.804999,3.1623,7.951,1391.375,443.250,133.500,Lip Pursing,2
sub-c7t-005,sub-c7t-005_run-2,7T ds003642 CEREBRUM-7T,val,DUCK-Net (Multi-Scale),0.4401,0.5704,0.496879,7.7782,14.000,1561.125,1132.750,283.250,Lip Pursing,2
sub-c7t-006,sub-c7t-006_run-1,7T ds003642 CEREBRUM-7T,train,DUCK-Net (Multi-Scale),0.8396,0.9107,0.873684,2.6926,1.037,1833.250,319.000,20.625,Lip Pursing,2
sub-c7t-007,sub-c7t-007_run-1,7T ds003642 CEREBRUM-7T,train,DUCK-Net (Multi-Scale),0.7580,0.6908,0.722846,5.3852,0.684,1944.750,429.000,12.125,Lip Pursing,2
sub-c7t-007,sub-c7t-007_run-2,7T ds003642 CEREBRUM-7T,train,DUCK-Net (Multi-Scale),0.6066,0.9249,0.732647,2.0616,0.821,1696.750,1018.000,21.250,Lip Pursing,2
sub-c7t-008,sub-c7t-008_run-1,7T ds003642 CEREBRUM-7T,train,DUCK-Net (Multi-Scale),0.7954,0.9113,0.849393,4.6904,1.200,1290.750,302.625,17.750,Lip Pursing,2
sub-c7t-008,sub-c7t-008_run-2,7T ds003642 CEREBRUM-7T,train,DUCK-Net (Multi-Scale),0.8099,0.7652,0.786873,3.0000,0.943,855.875,153.750,7.625,Lip Pursing,2
sub-c7t-009,sub-c7t-009_run-1,7T ds003642 CEREBRUM-7T,val,DUCK-Net (Multi-Scale),0.9356,0.9077,0.921482,1.1180,0.840,1609.625,100.500,13.125,Lip Pursing,2
sub-c7t-010,sub-c7t-010_run-1,7T ds003642 CEREBRUM-7T,test,DUCK-Net (Multi-Scale),0.9588,0.9502,0.954475,1.1180,0.940,805.375,32.875,7.500,Lip Pursing,2
sub-c7t-010,sub-c7t-010_run-2,7T ds003642 CEREBRUM-7T,test,DUCK-Net (Multi-Scale),0.9344,0.8822,0.907526,2.4495,1.996,709.875,44.000,13.375,Lip Pursing,2
sub-c7t-011,sub-c7t-011_run-1,7T ds003642 CEREBRUM-7T,train,DUCK-Net (Multi-Scale),0.8162,0.7348,0.773348,3.4641,7.130,1565.750,259.125,100.500,Lip Pursing,2
sub-c7t-011,sub-c7t-011_run-2,7T ds003642 CEREBRUM-7T,train,DUCK-Net (Multi-Scale),0.8493,0.9333,0.889342,1.7321,5.397,933.750,154.625,55.375,Lip Pursing,2
sub-c7t-012,sub-c7t-012_run-1,7T ds003642 CEREBRUM-7T,train,DUCK-Net (Multi-Scale),0.7376,0.8155,0.774585,2.0616,8.031,2408.625,698.875,213.875,Lip Pursing,2
sub-c7t-013,sub-c7t-013_run-1,7T ds003642 CEREBRUM-7T,train,DUCK-Net (Multi-Scale),0.9257,0.9641,0.944496,1.8028,6.303,1258.750,97.375,82.625,Lip Pursing,2
sub-c7t-013,sub-c7t-013_run-2,7T ds003642 CEREBRUM-7T,train,DUCK-Net (Multi-Scale),0.8678,0.9382,0.901655,2.2913,11.556,1650.875,235.875,206.250,Lip Pursing,2
sub-c7t-014,sub-c7t-014_run-1,7T ds003642 CEREBRUM-7T,test,DUCK-Net (Multi-Scale),0.8480,0.6667,0.746507,2.6926,7.600,1041.875,124.500,62.250,Lip Pursing,2
sub-c7t-015,sub-c7t-015_run-1,7T ds003642 CEREBRUM-7T,train,DUCK-Net (Multi-Scale),0.7777,0.9054,0.836721,2.0000,2.007,2097.000,542.625,49.000,Lip Pursing,2
sub-c7t-015,sub-c7t-015_run-2,7T ds003642 CEREBRUM-7T,train,DUCK-Net (Multi-Scale),0.8004,0.9089,0.851197,3.5355,2.164,2233.000,506.250,54.875,Lip Pursing,2
sub-c7t-016,sub-c7t-016_run-1,7T ds003642 CEREBRUM-7T,train,DUCK-Net (Multi-Scale),0.8281,0.9483,0.884156,1.6583,14.154,2068.375,407.125,335.250,Lip Pursing,2
sub-c7t-016,sub-c7t-016_run-2,7T ds003642 CEREBRUM-7T,train,DUCK-Net (Multi-Scale),0.5388,0.5753,0.556464,3.5000,36.169,1109.125,546.250,428.375,Lip Pursing,2
sub-c7t-017,sub-c7t-017_run-1,7T ds003642 CEREBRUM-7T,train,DUCK-Net (Multi-Scale),0.8843,0.7475,0.810214,1.5811,5.439,1313.125,128.375,60.375,Lip Pursing,2
sub-c7t-018,sub-c7t-018_run-1,7T ds003642 CEREBRUM-7T,train,DUCK-Net (Multi-Scale),0.8787,0.9150,0.896468,3.9051,0.752,1517.125,191.625,11.875,Lip Pursing,2
sub-c7t-019,sub-c7t-019_run-1,7T ds003642 CEREBRUM-7T,train,DUCK-Net (Multi-Scale),0.7091,0.8229,0.761776,3.2016,1.135,1793.250,605.500,23.625,Lip Pursing,2
sub-c7t-020,sub-c7t-020_run-1,7T ds003642 CEREBRUM-7T,train,DUCK-Net (Multi-Scale),0.7775,0.9082,0.837795,2.8284,1.248,1337.500,347.625,19.500,Lip Pursing,2
sub-c7t-021,sub-c7t-021_run-1,7T ds003642 CEREBRUM-7T,train,DUCK-Net (Multi-Scale),0.9055,0.9588,0.931401,2.0616,4.973,1336.375,133.750,70.375,Lip Pursing,2
sub-c7t-021,sub-c7t-021_run-2,7T ds003642 CEREBRUM-7T,train,DUCK-Net (Multi-Scale),0.9073,0.8641,0.885139,4.9749,4.022,1142.125,100.875,43.750,Lip Pursing,2
sub-c7t-022,sub-c7t-022_run-1,7T ds003642 CEREBRUM-7T,train,DUCK-Net (Multi-Scale),0.8063,0.9089,0.854508,3.3166,11.045,1841.250,402.125,229.250,Lip Pursing,2
sub-c7t-023,sub-c7t-023_run-1,7T ds003642 CEREBRUM-7T,train,DUCK-Net (Multi-Scale),0.8048,0.6852,0.740192,2.5981,6.503,1824.375,303.125,101.000,Lip Pursing,2
sub-c7t-024,sub-c7t-024_run-1,7T ds003642 CEREBRUM-7T,train,DUCK-Net (Multi-Scale),0.7232,0.8055,0.762141,3.2404,2.395,927.875,286.000,24.750,Lip Pursing,2
sub-c7t-024,sub-c7t-024_run-2,7T ds003642 CEREBRUM-7T,train,DUCK-Net (Multi-Scale),0.9551,0.8999,0.926649,3.9370,0.675,903.750,38.250,5.750,Lip Pursing,2
sub-c7t-025,sub-c7t-025_run-1,7T ds003642 CEREBRUM-7T,train,DUCK-Net (Multi-Scale),0.7767,0.8104,0.793227,2.1213,8.336,1849.625,430.875,160.875,Lip Pursing,2
sub-c7t-025,sub-c7t-025_run-2,7T ds003642 CEREBRUM-7T,train,DUCK-Net (Multi-Scale),0.7579,0.7050,0.730472,4.5277,9.914,1280.875,288.500,118.125,Lip Pursing,2
sub-c7t-026,sub-c7t-026_run-1,7T ds003642 CEREBRUM-7T,val,DUCK-Net (Multi-Scale),0.6979,0.7503,0.723178,4.2426,2.374,1131.375,367.375,28.875,Lip Pursing,2
sub-c7t-027,sub-c7t-027_run-1,7T ds003642 CEREBRUM-7T,test,DUCK-Net (Multi-Scale),0.6175,0.5049,0.555568,3.3166,3.954,1793.875,561.000,58.000,Lip Pursing,2
sub-c7t-028,sub-c7t-028_run-1,7T ds003642 CEREBRUM-7T,train,DUCK-Net (Multi-Scale),0.8453,0.8643,0.854711,2.1794,5.205,1503.375,237.750,80.000,Lip Pursing,2
sub-c7t-029,sub-c7t-029_run-1,7T ds003642 CEREBRUM-7T,train,DUCK-Net (Multi-Scale),0.8691,0.8994,0.883976,2.0000,0.295,2253.250,305.375,6.875,Lip Pursing,2
sub-c7t-029,sub-c7t-029_run-2,7T ds003642 CEREBRUM-7T,train,DUCK-Net (Multi-Scale),0.8594,0.9145,0.886111,2.4495,0.515,2097.750,313.750,11.500,Lip Pursing,2
sub-c7t-030,sub-c7t-030_run-1,7T ds003642 CEREBRUM-7T,val,DUCK-Net (Multi-Scale),0.9215,0.9601,0.940416,2.6926,2.036,1514.375,123.875,32.125,Lip Pursing,2
sub-c7t-030,sub-c7t-030_run-2,7T ds003642 CEREBRUM-7T,val,DUCK-Net (Multi-Scale),0.6689,0.7232,0.694979,3.3541,6.431,1504.750,538.750,104.625,Lip Pursing,2
sub-c7t-031,sub-c7t-031_run-1,7T ds003642 CEREBRUM-7T,train,DUCK-Net (Multi-Scale),0.8753,0.8450,0.859888,3.5707,6.233,1390.000,167.250,83.625,Lip Pursing,2
sub-c7t-031,sub-c7t-031_run-2,7T ds003642 CEREBRUM-7T,train,DUCK-Net (Multi-Scale),0.8423,0.9006,0.870484,1.5000,7.900,1531.750,258.250,129.375,Lip Pursing,2
sub-c7t-032,sub-c7t-032_run-1,7T ds003642 CEREBRUM-7T,val,DUCK-Net (Multi-Scale),0.9361,0.9599,0.947876,1.5811,0.267,2557.500,167.500,7.000,Lip Pursing,2
sub-c7t-032,sub-c7t-032_run-2,7T ds003642 CEREBRUM-7T,val,DUCK-Net (Multi-Scale),0.8606,0.8226,0.841159,1.8708,0.658,3575.625,476.625,22.500,Lip Pursing,2
sub-c7t-033,sub-c7t-033_run-1,7T ds003642 CEREBRUM-7T,test,DUCK-Net (Multi-Scale),0.5004,0.5422,0.520430,8.3666,16.141,809.000,438.000,141.500,Lip Pursing,2
sub-c7t-033,sub-c7t-033_run-2,7T ds003642 CEREBRUM-7T,test,DUCK-Net (Multi-Scale),0.8229,0.6982,0.755434,4.2720,4.819,1061.000,159.375,43.375,Lip Pursing,2
sub-c7t-034,sub-c7t-034_run-1,7T ds003642 CEREBRUM-7T,train,DUCK-Net (Multi-Scale),0.5701,0.6450,0.605220,5.4314,10.525,1552.625,755.125,184.875,Lip Pursing,2
sub-c7t-034,sub-c7t-034_run-2,7T ds003642 CEREBRUM-7T,train,DUCK-Net (Multi-Scale),0.8044,0.6111,0.694565,2.0000,3.549,1534.500,228.000,41.375,Lip Pursing,2
sub-c7t-035,sub-c7t-035_run-1,7T ds003642 CEREBRUM-7T,train,DUCK-Net (Multi-Scale),0.8884,0.8918,0.890106,2.0000,1.258,831.625,93.125,10.500,Lip Pursing,2
sub-c7t-036,sub-c7t-036_run-1,7T ds003642 CEREBRUM-7T,train,DUCK-Net (Multi-Scale),0.8586,0.8275,0.842722,2.1794,4.941,1259.875,171.750,60.000,Lip Pursing,2
sub-c7t-036,sub-c7t-036_run-2,7T ds003642 CEREBRUM-7T,train,DUCK-Net (Multi-Scale),0.7638,0.8252,0.793327,3.1623,8.268,1512.625,386.000,135.125,Lip Pursing,2
sub-c7t-037,sub-c7t-037_run-1,7T ds003642 CEREBRUM-7T,train,DUCK-Net (Multi-Scale),0.8866,0.9147,0.900422,2.1794,1.039,1807.875,211.500,19.375,Lip Pursing,2
sub-c7t-037,sub-c7t-037_run-2,7T ds003642 CEREBRUM-7T,train,DUCK-Net (Multi-Scale),0.9431,0.8679,0.903918,5.6569,0.628,1535.250,80.375,8.875,Lip Pursing,2
sub-c7t-038,sub-c7t-038_run-1,7T ds003642 CEREBRUM-7T,train,DUCK-Net (Multi-Scale),0.8174,0.8873,0.850900,3.1623,3.775,1305.625,258.875,53.500,Lip Pursing,2
sub-c7t-038,sub-c7t-038_run-2,7T ds003642 CEREBRUM-7T,train,DUCK-Net (Multi-Scale),0.8375,0.7856,0.810746,1.8708,4.832,1762.250,268.625,79.875,Lip Pursing,2
sub-c7t-039,sub-c7t-039_run-1,7T ds003642 CEREBRUM-7T,test,DUCK-Net (Multi-Scale),0.7824,0.8752,0.826193,3.7417,12.345,1548.000,376.750,213.750,Lip Pursing,2
sub-c7t-040,sub-c7t-040_run-1,7T ds003642 CEREBRUM-7T,train,DUCK-Net (Multi-Scale),0.8922,0.8326,0.861357,1.8028,2.056,2345.375,236.000,45.000,Lip Pursing,2
sub-c7t-040,sub-c7t-040_run-2,7T ds003642 CEREBRUM-7T,train,DUCK-Net (Multi-Scale),0.7314,0.7992,0.763825,4.3012,5.372,1946.375,571.250,114.250,Lip Pursing,2
sub-c7t-041,sub-c7t-041_run-1,7T ds003642 CEREBRUM-7T,train,DUCK-Net (Multi-Scale),0.9177,0.9293,0.923466,2.5000,1.896,1055.000,87.875,20.250,Lip Pursing,2
sub-c7t-042,sub-c7t-042_run-1,7T ds003642 CEREBRUM-7T,val,DUCK-Net (Multi-Scale),0.6464,0.7094,0.676460,4.3875,8.966,1278.000,495.875,125.750,Lip Pursing,2
sub-c7t-043,sub-c7t-043_run-1,7T ds003642 CEREBRUM-7T,train,DUCK-Net (Multi-Scale),0.7984,0.6822,0.735718,3.3541,2.240,561.625,96.750,10.750,Lip Pursing,2
sub-c7t-044,sub-c7t-044_run-1,7T ds003642 CEREBRUM-7T,test,DUCK-Net (Multi-Scale),0.8553,0.8571,0.856216,2.4495,7.116,2079.125,301.375,148.250,Lip Pursing,2
sub-c7t-044,sub-c7t-044_run-2,7T ds003642 CEREBRUM-7T,test,DUCK-Net (Multi-Scale),0.8409,0.8634,0.851993,5.5902,7.778,1912.625,312.500,152.750,Lip Pursing,2
sub-c7t-045,sub-c7t-045_run-1,7T ds003642 CEREBRUM-7T,train,DUCK-Net (Multi-Scale),0.2058,0.7567,0.323627,15.1822,3.820,1995.750,5826.625,280.250,Lip Pursing,2
sub-c7t-045,sub-c7t-045_run-2,7T ds003642 CEREBRUM-7T,train,DUCK-Net (Multi-Scale),0.8435,0.8695,0.856326,3.3541,1.012,1701.250,274.375,17.750,Lip Pursing,2
sub-c7t-046,sub-c7t-046_run-1,7T ds003642 CEREBRUM-7T,test,DUCK-Net (Multi-Scale),0.3256,0.4694,0.384450,6.1644,30.543,1193.125,1160.125,525.375,Lip Pursing,2
sub-c7t-047,sub-c7t-047_run-1,7T ds003642 CEREBRUM-7T,train,DUCK-Net (Multi-Scale),0.8919,0.8791,0.885454,2.2361,5.798,1738.875,185.250,99.375,Lip Pursing,2
sub-c7t-047,sub-c7t-047_run-2,7T ds003642 CEREBRUM-7T,train,DUCK-Net (Multi-Scale),0.6555,0.7258,0.688822,2.7386,23.468,1085.250,414.000,282.000,Lip Pursing,2
sub-c7t-048,sub-c7t-048_run-1,7T ds003642 CEREBRUM-7T,train,DUCK-Net (Multi-Scale),0.9243,0.9624,0.942972,1.8028,3.742,1552.750,122.375,60.500,Lip Pursing,2
sub-c7t-048,sub-c7t-048_run-2,7T ds003642 CEREBRUM-7T,train,DUCK-Net (Multi-Scale),0.8696,0.8635,0.866557,1.6583,6.075,1798.750,232.875,108.500,Lip Pursing,2
sub-c7t-049,sub-c7t-049_run-1,7T ds003642 CEREBRUM-7T,train,DUCK-Net (Multi-Scale),0.4912,0.6889,0.573491,5.4772,1.334,1095.625,781.750,20.500,Lip Pursing,2
sub-c7t-049,sub-c7t-049_run-2,7T ds003642 CEREBRUM-7T,train,DUCK-Net (Multi-Scale),0.6501,0.7837,0.710651,3.1623,1.173,1104.750,466.000,15.625,Lip Pursing,2
sub-c7t-050,sub-c7t-050_run-1,7T ds003642 CEREBRUM-7T,train,DUCK-Net (Multi-Scale),0.7663,0.6415,0.698397,3.0000,3.788,2207.250,431.750,70.000,Lip Pursing,2
sub-c7t-050,sub-c7t-050_run-2,7T ds003642 CEREBRUM-7T,train,DUCK-Net (Multi-Scale),0.8315,0.7758,0.802711,4.1231,2.979,1488.375,234.000,41.375,Lip Pursing,2
sub-c7t-051,sub-c7t-051_run-1,7T ds003642 CEREBRUM-7T,train,DUCK-Net (Multi-Scale),0.9362,0.9106,0.923252,2.2361,0.368,1223.625,75.875,4.375,Lip Pursing,2
sub-c7t-052,sub-c7t-052_run-1,7T ds003642 CEREBRUM-7T,train,DUCK-Net (Multi-Scale),0.9296,0.9152,0.922324,2.0616,1.013,965.000,66.875,9.625,Lip Pursing,2
sub-c7t-053,sub-c7t-053_run-1,7T ds003642 CEREBRUM-7T,val,DUCK-Net (Multi-Scale),0.9652,0.9343,0.949501,3.2016,0.818,2289.250,77.000,18.125,Lip Pursing,2
sub-c7t-053,sub-c7t-053_run-2,7T ds003642 CEREBRUM-7T,val,DUCK-Net (Multi-Scale),0.8018,0.7789,0.790201,3.0000,4.830,2368.125,456.000,111.125,Lip Pursing,2
sub-c7t-054,sub-c7t-054_run-1,7T ds003642 CEREBRUM-7T,train,DUCK-Net (Multi-Scale),0.8044,0.8593,0.830970,5.1478,5.543,1142.000,238.625,67.625,Lip Pursing,2
sub-c7t-055,sub-c7t-055_run-1,7T ds003642 CEREBRUM-7T,train,DUCK-Net (Multi-Scale),0.6962,0.7900,0.740127,2.2361,5.542,2142.500,738.750,134.750,Lip Pursing,2
sub-c7t-055,sub-c7t-055_run-2,7T ds003642 CEREBRUM-7T,train,DUCK-Net (Multi-Scale),0.8764,0.9525,0.912857,2.0616,2.723,1550.000,208.250,45.875,Lip Pursing,2
sub-c7t-056,sub-c7t-056_run-1,7T ds003642 CEREBRUM-7T,test,DUCK-Net (Multi-Scale),0.8171,0.8765,0.845774,2.7386,2.819,2369.000,464.625,71.625,Lip Pursing,2
sub-c7t-056,sub-c7t-056_run-2,7T ds003642 CEREBRUM-7T,test,DUCK-Net (Multi-Scale),0.7642,0.9370,0.841829,3.1623,5.491,2029.250,586.625,136.625,Lip Pursing,2
sub-c7t-057,sub-c7t-057_run-1,7T ds003642 CEREBRUM-7T,train,DUCK-Net (Multi-Scale),0.6060,0.5639,0.584190,8.2462,9.190,1920.875,704.125,164.250,Lip Pursing,2
sub-c7t-057,sub-c7t-057_run-2,7T ds003642 CEREBRUM-7T,train,DUCK-Net (Multi-Scale),0.7702,0.7784,0.774305,4.3875,5.695,1255.250,291.500,72.250,Lip Pursing,2
sub-c7t-058,sub-c7t-058_run-1,7T ds003642 CEREBRUM-7T,train,DUCK-Net (Multi-Scale),0.8762,0.6249,0.729473,2.0000,2.366,1459.125,128.875,24.625,Lip Pursing,2
sub-c7t-058,sub-c7t-058_run-2,7T ds003642 CEREBRUM-7T,train,DUCK-Net (Multi-Scale),0.6521,0.5757,0.611479,4.3875,8.384,1182.125,363.125,87.500,Lip Pursing,2
sub-c7t-059,sub-c7t-059_run-1,7T ds003642 CEREBRUM-7T,train,DUCK-Net (Multi-Scale),0.6407,0.7591,0.694909,3.9051,16.641,1152.000,490.375,227.125,Lip Pursing,2
sub-c7t-060,sub-c7t-060_run-1,7T ds003642 CEREBRUM-7T,train,DUCK-Net (Multi-Scale),0.9042,0.9218,0.912898,1.7321,4.517,1930.125,188.500,88.875,Lip Pursing,2
sub-c7t-061,sub-c7t-061_run-1,7T ds003642 CEREBRUM-7T,test,DUCK-Net (Multi-Scale),0.7362,0.8614,0.793935,5.5902,2.183,2139.000,660.125,54.625,Lip Pursing,2
sub-c7t-061,sub-c7t-061_run-2,7T ds003642 CEREBRUM-7T,test,DUCK-Net (Multi-Scale),0.6799,0.8367,0.750221,3.0000,1.799,2466.750,971.625,54.625,Lip Pursing,2
sub-c7t-062,sub-c7t-062_run-1,7T ds003642 CEREBRUM-7T,train,DUCK-Net (Multi-Scale),0.9552,0.9726,0.963814,1.0000,0.621,2392.750,109.250,15.125,Lip Pursing,2
sub-c7t-062,sub-c7t-062_run-2,7T ds003642 CEREBRUM-7T,train,DUCK-Net (Multi-Scale),0.8187,0.9549,0.881533,3.1623,3.069,1924.375,407.000,68.875,Lip Pursing,2
sub-c7t-063,sub-c7t-063_run-1,7T ds003642 CEREBRUM-7T,test,DUCK-Net (Multi-Scale),0.9119,0.5637,0.696696,4.4721,3.528,888.375,48.375,19.375,Lip Pursing,2
sub-c7t-063,sub-c7t-063_run-2,7T ds003642 CEREBRUM-7T,test,DUCK-Net (Multi-Scale),0.7310,0.8232,0.774346,3.5355,7.500,917.625,278.000,77.500,Lip Pursing,2
sub-c7t-064,sub-c7t-064_run-1,7T ds003642 CEREBRUM-7T,train,DUCK-Net (Multi-Scale),0.9579,0.9376,0.947641,2.0000,1.356,1779.625,73.250,23.625,Lip Pursing,2
sub-c7t-064,sub-c7t-064_run-2,7T ds003642 CEREBRUM-7T,train,DUCK-Net (Multi-Scale),0.9596,0.9277,0.943393,1.8028,1.434,1288.875,50.375,17.875,Lip Pursing,2
sub-c7t-065,sub-c7t-065_run-1,7T ds003642 CEREBRUM-7T,train,DUCK-Net (Multi-Scale),0.5560,0.6671,0.606474,2.8284,3.589,1692.250,901.625,72.875,Lip Pursing,2
sub-c7t-065,sub-c7t-065_run-2,7T ds003642 CEREBRUM-7T,train,DUCK-Net (Multi-Scale),0.8969,0.9356,0.915830,1.4142,0.476,1510.375,162.500,7.500,Lip Pursing,2
sub-c7t-066,sub-c7t-066_run-1,7T ds003642 CEREBRUM-7T,val,DUCK-Net (Multi-Scale),0.8447,0.6324,0.723318,3.1623,0.998,1488.875,173.125,11.125,Lip Pursing,2
sub-c7t-066,sub-c7t-066_run-2,7T ds003642 CEREBRUM-7T,val,DUCK-Net (Multi-Scale),0.9544,0.9282,0.941097,1.7321,0.247,938.125,41.625,2.250,Lip Pursing,2
sub-c7t-067,sub-c7t-067_run-1,7T ds003642 CEREBRUM-7T,train,DUCK-Net (Multi-Scale),0.9292,0.9051,0.917010,1.6583,0.732,1507.625,104.000,10.750,Lip Pursing,2
sub-c7t-068,sub-c7t-068_run-1,7T ds003642 CEREBRUM-7T,train,DUCK-Net (Multi-Scale),0.9202,0.9580,0.938711,2.9155,3.153,1858.625,154.375,61.000,Lip Pursing,2
sub-c7t-068,sub-c7t-068_run-2,7T ds003642 CEREBRUM-7T,train,DUCK-Net (Multi-Scale),0.9454,0.9064,0.925477,1.6583,2.611,1153.500,60.375,28.875,Lip Pursing,2
sub-c7t-069,sub-c7t-069_run-1,7T ds003642 CEREBRUM-7T,train,DUCK-Net (Multi-Scale),0.8585,0.8968,0.877239,2.1213,3.913,2122.500,313.750,86.750,Lip Pursing,2
sub-c7t-069,sub-c7t-069_run-2,7T ds003642 CEREBRUM-7T,train,DUCK-Net (Multi-Scale),0.8772,0.8436,0.860074,2.0000,2.920,2167.750,255.875,60.875,Lip Pursing,2
sub-c7t-070,sub-c7t-070_run-1,7T ds003642 CEREBRUM-7T,test,DUCK-Net (Multi-Scale),0.9120,0.9601,0.935458,1.5811,4.962,2426.625,224.750,126.750,Lip Pursing,2
sub-c7t-071,sub-c7t-071_run-1,7T ds003642 CEREBRUM-7T,train,DUCK-Net (Multi-Scale),0.1372,0.6207,0.224788,13.3510,50.996,1350.625,5270.250,3115.125,Lip Pursing,2
sub-c7t-072,sub-c7t-072_run-1,7T ds003642 CEREBRUM-7T,test,DUCK-Net (Multi-Scale),0.8042,0.8994,0.849128,2.8284,0.867,1302.000,285.125,12.625,Lip Pursing,2
sub-c7t-072,sub-c7t-072_run-2,7T ds003642 CEREBRUM-7T,test,DUCK-Net (Multi-Scale),0.8022,0.9348,0.863437,2.6926,1.267,1540.875,355.125,22.750,Lip Pursing,2
sub-c7t-073,sub-c7t-073_run-1,7T ds003642 CEREBRUM-7T,val,DUCK-Net (Multi-Scale),0.8512,0.9075,0.878457,3.6401,7.137,1669.000,264.750,127.000,Lip Pursing,2
sub-c7t-074,sub-c7t-074_run-1,7T ds003642 CEREBRUM-7T,val,DUCK-Net (Multi-Scale),0.2400,0.7576,0.364571,16.0156,21.596,1292.750,3100.625,881.125,Lip Pursing,2
sub-c7t-074,sub-c7t-074_run-2,7T ds003642 CEREBRUM-7T,val,DUCK-Net (Multi-Scale),0.8867,0.8196,0.851812,2.4495,1.619,1086.250,113.750,16.250,Lip Pursing,2
sub-c7t-075,sub-c7t-075_run-1,7T ds003642 CEREBRUM-7T,train,DUCK-Net (Multi-Scale),0.8655,0.8650,0.865230,4.1833,7.680,1444.500,194.250,110.875,Lip Pursing,2
sub-c7t-075,sub-c7t-075_run-2,7T ds003642 CEREBRUM-7T,train,DUCK-Net (Multi-Scale),0.9517,0.9842,0.967639,1.8708,3.000,1192.500,59.625,37.000,Lip Pursing,2
sub-c7t-076,sub-c7t-076_run-1,7T ds003642 CEREBRUM-7T,val,DUCK-Net (Multi-Scale),0.8533,0.8804,0.866603,2.5000,1.595,1557.000,235.750,25.625,Lip Pursing,2
sub-c7t-076,sub-c7t-076_run-2,7T ds003642 CEREBRUM-7T,val,DUCK-Net (Multi-Scale),0.9473,0.9591,0.953165,2.3452,0.879,1517.250,80.875,13.500,Lip Pursing,2
sub-ds114-01,sub-ds114-01_ses-retest,3T ds000114 (GAN 3T->7T),val,DUCK-Net (Multi-Scale),0.8866,0.8686,0.877482,2.4495,1.190,804.500,89.375,9.375,Lip Pursing,2
sub-ds114-01,sub-ds114-01_ses-test,3T ds000114 (GAN 3T->7T),val,DUCK-Net (Multi-Scale),0.9195,0.9420,0.930584,1.4142,0.512,1619.750,133.625,8.500,Lip Pursing,2
sub-ds114-02,sub-ds114-02_ses-retest,3T ds000114 (GAN 3T->7T),train,DUCK-Net (Multi-Scale),0.9270,0.8413,0.882067,8.3217,2.164,1400.250,92.750,27.500,Lip Pursing,2
sub-ds114-02,sub-ds114-02_ses-test,3T ds000114 (GAN 3T->7T),train,DUCK-Net (Multi-Scale),0.7951,0.8472,0.820296,2.8284,6.343,1699.625,371.125,114.875,Lip Pursing,2
sub-ds114-03,sub-ds114-03_ses-retest,3T ds000114 (GAN 3T->7T),train,DUCK-Net (Multi-Scale),0.9152,0.8160,0.862770,2.9155,1.819,1580.375,119.500,25.625,Lip Pursing,2
sub-ds114-03,sub-ds114-03_ses-test,3T ds000114 (GAN 3T->7T),train,DUCK-Net (Multi-Scale),0.7651,0.8156,0.789527,3.3541,4.183,1079.125,270.250,48.125,Lip Pursing,2
sub-ds114-04,sub-ds114-04_ses-retest,3T ds000114 (GAN 3T->7T),train,DUCK-Net (Multi-Scale),0.6789,0.7885,0.729573,3.2016,4.432,1398.625,521.625,72.000,Lip Pursing,2
sub-ds114-04,sub-ds114-04_ses-test,3T ds000114 (GAN 3T->7T),train,DUCK-Net (Multi-Scale),0.8719,0.7909,0.829438,6.4420,1.938,1486.375,172.750,26.125,Lip Pursing,2
sub-ds114-05,sub-ds114-05_ses-retest,3T ds000114 (GAN 3T->7T),train,DUCK-Net (Multi-Scale),0.7064,0.6944,0.700354,2.6926,4.086,1867.500,538.875,75.000,Lip Pursing,2
sub-ds114-05,sub-ds114-05_ses-test,3T ds000114 (GAN 3T->7T),train,DUCK-Net (Multi-Scale),0.9132,0.9610,0.936518,2.1213,2.188,1856.500,169.500,42.750,Lip Pursing,2
sub-ds114-06,sub-ds114-06_ses-retest,3T ds000114 (GAN 3T->7T),train,DUCK-Net (Multi-Scale),0.6205,0.6977,0.656833,3.8406,30.161,1787.000,762.750,606.125,Lip Pursing,2
sub-ds114-06,sub-ds114-06_ses-test,3T ds000114 (GAN 3T->7T),train,DUCK-Net (Multi-Scale),0.8724,0.9189,0.895070,2.3452,9.069,1490.500,200.250,142.375,Lip Pursing,2
sub-ds114-07,sub-ds114-07_ses-retest,3T ds000114 (GAN 3T->7T),val,DUCK-Net (Multi-Scale),0.5748,0.5502,0.562258,5.3385,11.719,2441.500,993.625,273.875,Lip Pursing,2
sub-ds114-07,sub-ds114-07_ses-test,3T ds000114 (GAN 3T->7T),val,DUCK-Net (Multi-Scale),0.5954,0.6675,0.629421,3.8406,8.988,2064.375,936.250,208.000,Lip Pursing,2
sub-ds114-08,sub-ds114-08_ses-retest,3T ds000114 (GAN 3T->7T),train,DUCK-Net (Multi-Scale),0.4982,0.8467,0.627261,9.1924,2.208,1382.625,1179.250,51.875,Lip Pursing,2
sub-ds114-08,sub-ds114-08_ses-test,3T ds000114 (GAN 3T->7T),train,DUCK-Net (Multi-Scale),0.9513,0.9271,0.939069,3.6742,0.207,1303.875,61.875,2.625,Lip Pursing,2
sub-ds114-09,sub-ds114-09_ses-retest,3T ds000114 (GAN 3T->7T),test,DUCK-Net (Multi-Scale),0.5635,0.5887,0.575827,4.8218,29.696,1457.125,664.625,452.125,Lip Pursing,2
sub-ds114-09,sub-ds114-09_ses-test,3T ds000114 (GAN 3T->7T),test,DUCK-Net (Multi-Scale),0.1387,0.5223,0.219148,13.7931,52.612,1569.625,5091.875,3110.250,Lip Pursing,2
sub-ds114-10,sub-ds114-10_ses-retest,3T ds000114 (GAN 3T->7T),train,DUCK-Net (Multi-Scale),0.6849,0.8689,0.766016,6.3640,11.053,756.875,302.500,106.125,Lip Pursing,2
sub-ds114-10,sub-ds114-10_ses-test,3T ds000114 (GAN 3T->7T),train,DUCK-Net (Multi-Scale),0.6698,0.7685,0.715779,2.9580,11.745,1130.750,428.375,152.375,Lip Pursing,2
sub-mda-01,sub-mda-01_ses-7t,7T MDA atlas source,train,DUCK-Net (Multi-Scale),0.8877,0.9287,0.907742,3.4641,2.316,2553.375,299.875,61.875,Lip Pursing,2
sub-mda-02,sub-mda-02_ses-7t,7T MDA atlas source,train,DUCK-Net (Multi-Scale),0.8527,0.8640,0.858344,4.8477,4.107,1210.625,180.625,50.375,Lip Pursing,2
sub-mda-03,sub-mda-03_ses-7t,7T MDA atlas source,train,DUCK-Net (Multi-Scale),0.9408,0.8232,0.878081,3.1623,0.060,2387.875,123.750,1.250,Lip Pursing,2
sub-mda-04,sub-mda-04_ses-7t,7T MDA atlas source,train,DUCK-Net (Multi-Scale),0.9330,0.9465,0.939743,2.0616,1.089,916.500,62.250,10.125,Lip Pursing,2
sub-mda-05,sub-mda-05_ses-7t,7T MDA atlas source,train,DUCK-Net (Multi-Scale),0.8243,0.8160,0.820116,2.5495,2.804,1242.875,216.125,34.500,Lip Pursing,2
sub-mda-06,sub-mda-06_ses-7t,7T MDA atlas source,test,DUCK-Net (Multi-Scale),0.9844,0.9870,0.985666,1.0000,0.155,4176.000,65.500,6.500,Lip Pursing,2
sub-mda-07,sub-mda-07_ses-7t,7T MDA atlas source,val,DUCK-Net (Multi-Scale),0.7411,0.6275,0.679578,4.0927,3.143,1611.125,353.250,42.875,Lip Pursing,2
sub-mda-08,sub-mda-08_ses-7t,7T MDA atlas source,train,DUCK-Net (Multi-Scale),0.9055,0.9470,0.925801,2.1213,1.847,1870.125,184.750,36.125,Lip Pursing,2
sub-mda-09,sub-mda-09_ses-7t,7T MDA atlas source,train,DUCK-Net (Multi-Scale),0.8804,0.8655,0.872869,3.2787,1.118,1183.000,139.125,13.000,Lip Pursing,2
sub-mda-10,sub-mda-10_ses-7t,7T MDA atlas source,test,DUCK-Net (Multi-Scale),0.9678,0.9737,0.970706,2.0000,0.425,2073.875,67.250,8.875,Lip Pursing,2
sub-mda-11,sub-mda-11_ses-7t,7T MDA atlas source,val,DUCK-Net (Multi-Scale),0.7837,0.8174,0.800219,2.0616,2.487,1229.000,277.250,31.875,Lip Pursing,2
sub-mda-12,sub-mda-12_ses-7t,7T MDA atlas source,train,DUCK-Net (Multi-Scale),0.6324,0.7469,0.684898,4.0311,1.503,1175.750,510.375,20.875,Lip Pursing,2
sub-c7t-001,sub-c7t-001_run-1,7T ds003642 CEREBRUM-7T,train,3DZ-Net (Variational Dense),0.9553,0.9721,0.963627,2.1213,1.726,1722.125,78.250,30.250,Lip Pursing,2
sub-c7t-001,sub-c7t-001_run-2,7T ds003642 CEREBRUM-7T,train,3DZ-Net (Variational Dense),0.9417,0.8823,0.911016,2.6926,2.666,1511.375,82.625,37.750,Lip Pursing,2
sub-c7t-002,sub-c7t-002_run-1,7T ds003642 CEREBRUM-7T,train,3DZ-Net (Variational Dense),0.8456,0.8294,0.837401,4.0311,6.007,1300.500,197.000,76.625,Lip Pursing,2
sub-c7t-002,sub-c7t-002_run-2,7T ds003642 CEREBRUM-7T,train,3DZ-Net (Variational Dense),0.9089,0.8269,0.865978,4.0620,6.808,1344.000,111.375,83.250,Lip Pursing,2
sub-c7t-003,sub-c7t-003_run-1,7T ds003642 CEREBRUM-7T,train,3DZ-Net (Variational Dense),0.8480,0.8945,0.870642,2.1794,0.494,1055.750,169.250,5.500,Lip Pursing,2
sub-c7t-004,sub-c7t-004_run-1,7T ds003642 CEREBRUM-7T,train,3DZ-Net (Variational Dense),0.9667,0.9863,0.976395,1.4142,0.758,791.625,26.875,6.125,Lip Pursing,2
sub-c7t-004,sub-c7t-004_run-2,7T ds003642 CEREBRUM-7T,train,3DZ-Net (Variational Dense),0.9745,0.8243,0.893108,2.0616,0.028,520.750,11.250,0.125,Lip Pursing,2
sub-c7t-005,sub-c7t-005_run-1,7T ds003642 CEREBRUM-7T,val,3DZ-Net (Variational Dense),0.8668,0.7545,0.806763,4.2720,0.929,1391.375,161.250,11.250,Lip Pursing,2
sub-c7t-005,sub-c7t-005_run-2,7T ds003642 CEREBRUM-7T,val,3DZ-Net (Variational Dense),0.6707,0.3015,0.416041,7.0887,16.385,1561.125,231.125,115.000,Lip Pursing,2
sub-c7t-006,sub-c7t-006_run-1,7T ds003642 CEREBRUM-7T,train,3DZ-Net (Variational Dense),0.8502,0.8691,0.859532,3.5000,0.467,1833.250,280.750,8.750,Lip Pursing,2
sub-c7t-007,sub-c7t-007_run-1,7T ds003642 CEREBRUM-7T,train,3DZ-Net (Variational Dense),0.8279,0.4115,0.549740,8.3367,0.776,1944.750,166.375,7.500,Lip Pursing,2
sub-c7t-007,sub-c7t-007_run-2,7T ds003642 CEREBRUM-7T,train,3DZ-Net (Variational Dense),0.8244,0.8426,0.833388,2.0616,2.213,1696.750,304.500,38.375,Lip Pursing,2
sub-c7t-008,sub-c7t-008_run-1,7T ds003642 CEREBRUM-7T,train,3DZ-Net (Variational Dense),0.8839,0.7748,0.825782,6.0828,1.337,1290.750,131.375,15.125,Lip Pursing,2
sub-c7t-008,sub-c7t-008_run-2,7T ds003642 CEREBRUM-7T,train,3DZ-Net (Variational Dense),0.8941,0.5991,0.717446,3.0414,0.131,855.875,60.750,0.750,Lip Pursing,2
sub-c7t-009,sub-c7t-009_run-1,7T ds003642 CEREBRUM-7T,val,3DZ-Net (Variational Dense),0.9289,0.9442,0.936491,1.2247,1.047,1609.625,116.250,17.125,Lip Pursing,2
sub-c7t-010,sub-c7t-010_run-1,7T ds003642 CEREBRUM-7T,test,3DZ-Net (Variational Dense),0.9482,0.9519,0.950043,1.2247,0.309,805.375,41.875,2.500,Lip Pursing,2
sub-c7t-010,sub-c7t-010_run-2,7T ds003642 CEREBRUM-7T,test,3DZ-Net (Variational Dense),0.9423,0.8225,0.878338,1.7321,1.634,709.875,35.750,10.125,Lip Pursing,2
sub-c7t-011,sub-c7t-011_run-1,7T ds003642 CEREBRUM-7T,train,3DZ-Net (Variational Dense),0.8507,0.6684,0.748625,5.3385,6.187,1565.750,183.750,76.125,Lip Pursing,2
sub-c7t-011,sub-c7t-011_run-2,7T ds003642 CEREBRUM-7T,train,3DZ-Net (Variational Dense),0.9402,0.9534,0.946760,2.2913,3.234,933.750,56.625,30.625,Lip Pursing,2
sub-c7t-012,sub-c7t-012_run-1,7T ds003642 CEREBRUM-7T,train,3DZ-Net (Variational Dense),0.8587,0.7385,0.794085,2.0000,1.406,2408.625,292.625,29.125,Lip Pursing,2
sub-c7t-013,sub-c7t-013_run-1,7T ds003642 CEREBRUM-7T,train,3DZ-Net (Variational Dense),0.9596,0.9336,0.946394,1.8028,1.388,1258.750,49.500,17.000,Lip Pursing,2
sub-c7t-013,sub-c7t-013_run-2,7T ds003642 CEREBRUM-7T,train,3DZ-Net (Variational Dense),0.9463,0.9254,0.935727,1.5000,2.578,1650.875,86.750,41.625,Lip Pursing,2
sub-c7t-014,sub-c7t-014_run-1,7T ds003642 CEREBRUM-7T,test,3DZ-Net (Variational Dense),0.8714,0.5392,0.666173,2.7386,5.992,1041.875,82.875,38.625,Lip Pursing,2
sub-c7t-015,sub-c7t-015_run-1,7T ds003642 CEREBRUM-7T,train,3DZ-Net (Variational Dense),0.8577,0.8004,0.828035,1.4142,1.450,2097.000,278.500,28.375,Lip Pursing,2
sub-c7t-015,sub-c7t-015_run-2,7T ds003642 CEREBRUM-7T,train,3DZ-Net (Variational Dense),0.8518,0.9680,0.906223,1.7321,0.665,2233.000,376.000,16.875,Lip Pursing,2
sub-c7t-016,sub-c7t-016_run-1,7T ds003642 CEREBRUM-7T,train,3DZ-Net (Variational Dense),0.8430,0.9222,0.880859,3.8079,5.884,2068.375,355.125,133.125,Lip Pursing,2
sub-c7t-016,sub-c7t-016_run-2,7T ds003642 CEREBRUM-7T,train,3DZ-Net (Variational Dense),0.6408,0.3290,0.434763,3.0822,29.835,1109.125,204.500,169.875,Lip Pursing,2
sub-c7t-017,sub-c7t-017_run-1,7T ds003642 CEREBRUM-7T,train,3DZ-Net (Variational Dense),0.8917,0.7034,0.786440,1.7321,1.714,1313.125,112.125,17.750,Lip Pursing,2
sub-c7t-018,sub-c7t-018_run-1,7T ds003642 CEREBRUM-7T,train,3DZ-Net (Variational Dense),0.9102,0.7653,0.831528,3.9051,0.274,1517.125,114.500,3.500,Lip Pursing,2
sub-c7t-019,sub-c7t-019_run-1,7T ds003642 CEREBRUM-7T,train,3DZ-Net (Variational Dense),0.7932,0.5468,0.647328,2.3452,4.530,1793.250,255.625,56.000,Lip Pursing,2
sub-c7t-020,sub-c7t-020_run-1,7T ds003642 CEREBRUM-7T,train,3DZ-Net (Variational Dense),0.8256,0.8377,0.831601,2.1794,0.783,1337.500,236.625,10.625,Lip Pursing,2
sub-c7t-021,sub-c7t-021_run-1,7T ds003642 CEREBRUM-7T,train,3DZ-Net (Variational Dense),0.9585,0.9020,0.929401,2.1794,1.074,1336.375,52.125,13.500,Lip Pursing,2
sub-c7t-021,sub-c7t-021_run-2,7T ds003642 CEREBRUM-7T,train,3DZ-Net (Variational Dense),0.8850,0.8155,0.848827,3.6742,2.482,1142.125,121.000,26.125,Lip Pursing,2
sub-c7t-022,sub-c7t-022_run-1,7T ds003642 CEREBRUM-7T,train,3DZ-Net (Variational Dense),0.8204,0.9045,0.860409,2.8284,14.576,1841.250,364.500,295.875,Lip Pursing,2
sub-c7t-023,sub-c7t-023_run-1,7T ds003642 CEREBRUM-7T,train,3DZ-Net (Variational Dense),0.8460,0.4699,0.604202,3.7417,1.517,1824.375,156.000,15.375,Lip Pursing,2
sub-c7t-024,sub-c7t-024_run-1,7T ds003642 CEREBRUM-7T,train,3DZ-Net (Variational Dense),0.8147,0.8184,0.816532,2.9155,7.094,927.875,172.750,66.125,Lip Pursing,2
sub-c7t-024,sub-c7t-024_run-2,7T ds003642 CEREBRUM-7T,train,3DZ-Net (Variational Dense),0.9452,0.7516,0.837353,5.1720,0.313,903.750,39.375,2.250,Lip Pursing,2
sub-c7t-025,sub-c7t-025_run-1,7T ds003642 CEREBRUM-7T,train,3DZ-Net (Variational Dense),0.8552,0.8212,0.837896,2.5000,0.774,1849.625,257.125,13.750,Lip Pursing,2
sub-c7t-025,sub-c7t-025_run-2,7T ds003642 CEREBRUM-7T,train,3DZ-Net (Variational Dense),0.8231,0.4531,0.584466,4.4159,6.222,1280.875,124.750,43.875,Lip Pursing,2
sub-c7t-026,sub-c7t-026_run-1,7T ds003642 CEREBRUM-7T,val,3DZ-Net (Variational Dense),0.8172,0.3506,0.490645,3.7749,1.957,1131.375,88.750,9.500,Lip Pursing,2
sub-c7t-027,sub-c7t-027_run-1,7T ds003642 CEREBRUM-7T,test,3DZ-Net (Variational Dense),0.6571,0.1635,0.261898,4.3012,4.815,1793.875,153.125,21.500,Lip Pursing,2
sub-c7t-028,sub-c7t-028_run-1,7T ds003642 CEREBRUM-7T,train,3DZ-Net (Variational Dense),0.8638,0.5724,0.688538,3.3541,8.144,1503.375,135.625,81.125,Lip Pursing,2
sub-c7t-029,sub-c7t-029_run-1,7T ds003642 CEREBRUM-7T,train,3DZ-Net (Variational Dense),0.9261,0.8919,0.908695,2.5981,2.546,2253.250,160.375,55.250,Lip Pursing,2
sub-c7t-029,sub-c7t-029_run-2,7T ds003642 CEREBRUM-7T,train,3DZ-Net (Variational Dense),0.9241,0.6486,0.762185,1.2247,0.212,2097.750,111.750,3.125,Lip Pursing,2
sub-c7t-030,sub-c7t-030_run-1,7T ds003642 CEREBRUM-7T,val,3DZ-Net (Variational Dense),0.9297,0.9685,0.948696,2.2361,1.783,1514.375,110.875,28.125,Lip Pursing,2
sub-c7t-030,sub-c7t-030_run-2,7T ds003642 CEREBRUM-7T,val,3DZ-Net (Variational Dense),0.8280,0.7220,0.771388,2.4495,5.230,1504.750,225.750,68.625,Lip Pursing,2
sub-c7t-031,sub-c7t-031_run-1,7T ds003642 CEREBRUM-7T,train,3DZ-Net (Variational Dense),0.8353,0.7416,0.785690,3.9051,3.322,1390.000,203.250,41.000,Lip Pursing,2
sub-c7t-031,sub-c7t-031_run-2,7T ds003642 CEREBRUM-7T,train,3DZ-Net (Variational Dense),0.9014,0.6055,0.724397,7.9215,0.547,1531.750,101.500,5.625,Lip Pursing,2
sub-c7t-032,sub-c7t-032_run-1,7T ds003642 CEREBRUM-7T,val,3DZ-Net (Variational Dense),0.9621,0.9757,0.968817,1.4142,0.067,2557.500,98.375,1.750,Lip Pursing,2
sub-c7t-032,sub-c7t-032_run-2,7T ds003642 CEREBRUM-7T,val,3DZ-Net (Variational Dense),0.8844,0.6515,0.750262,1.8708,0.935,3575.625,304.500,24.625,Lip Pursing,2
sub-c7t-033,sub-c7t-033_run-1,7T ds003642 CEREBRUM-7T,test,3DZ-Net (Variational Dense),0.5578,0.5182,0.537285,7.5829,6.453,809.000,332.375,48.500,Lip Pursing,2
sub-c7t-033,sub-c7t-033_run-2,7T ds003642 CEREBRUM-7T,test,3DZ-Net (Variational Dense),0.8081,0.5510,0.655226,5.3151,9.589,1061.000,138.875,69.375,Lip Pursing,2
sub-c7t-034,sub-c7t-034_run-1,7T ds003642 CEREBRUM-7T,train,3DZ-Net (Variational Dense),0.6249,0.3075,0.412215,10.3923,5.382,1552.625,286.625,41.125,Lip Pursing,2
sub-c7t-034,sub-c7t-034_run-2,7T ds003642 CEREBRUM-7T,train,3DZ-Net (Variational Dense),0.7854,0.5124,0.620163,3.0822,1.873,1534.500,214.875,18.750,Lip Pursing,2
sub-c7t-035,sub-c7t-035_run-1,7T ds003642 CEREBRUM-7T,train,3DZ-Net (Variational Dense),0.9151,0.8808,0.897603,2.1794,3.170,831.625,68.000,25.375,Lip Pursing,2
sub-c7t-036,sub-c7t-036_run-1,7T ds003642 CEREBRUM-7T,train,3DZ-Net (Variational Dense),0.9145,0.5793,0.709305,1.6583,0.282,1259.875,68.250,2.250,Lip Pursing,2
sub-c7t-036,sub-c7t-036_run-2,7T ds003642 CEREBRUM-7T,train,3DZ-Net (Variational Dense),0.8613,0.7639,0.809670,6.3836,3.224,1512.625,186.125,43.250,Lip Pursing,2
sub-c7t-037,sub-c7t-037_run-1,7T ds003642 CEREBRUM-7T,train,3DZ-Net (Variational Dense),0.9381,0.9354,0.936745,1.4142,0.860,1807.875,111.500,15.500,Lip Pursing,2
sub-c7t-037,sub-c7t-037_run-2,7T ds003642 CEREBRUM-7T,train,3DZ-Net (Variational Dense),0.9376,0.7620,0.840729,4.6904,1.242,1535.250,77.875,15.500,Lip Pursing,2
sub-c7t-038,sub-c7t-038_run-1,7T ds003642 CEREBRUM-7T,train,3DZ-Net (Variational Dense),0.8592,0.7634,0.808476,4.5277,2.715,1305.625,163.375,31.500,Lip Pursing,2
sub-c7t-038,sub-c7t-038_run-2,7T ds003642 CEREBRUM-7T,train,3DZ-Net (Variational Dense),0.8946,0.8076,0.848835,2.5981,2.514,1762.250,167.750,40.000,Lip Pursing,2
sub-c7t-039,sub-c7t-039_run-1,7T ds003642 CEREBRUM-7T,test,3DZ-Net (Variational Dense),0.8853,0.6881,0.774375,4.0927,0.883,1548.000,138.000,10.625,Lip Pursing,2
sub-c7t-040,sub-c7t-040_run-1,7T ds003642 CEREBRUM-7T,train,3DZ-Net (Variational Dense),0.9426,0.6761,0.787375,2.1794,0.862,2345.375,96.625,14.500,Lip Pursing,2
sub-c7t-040,sub-c7t-040_run-2,7T ds003642 CEREBRUM-7T,train,3DZ-Net (Variational Dense),0.8323,0.8908,0.860529,5.7009,4.872,1946.375,349.375,101.500,Lip Pursing,2
sub-c7t-041,sub-c7t-041_run-1,7T ds003642 CEREBRUM-7T,train,3DZ-Net (Variational Dense),0.9419,0.9589,0.950329,2.1213,0.733,1055.000,62.375,7.875,Lip Pursing,2
sub-c7t-042,sub-c7t-042_run-1,7T ds003642 CEREBRUM-7T,val,3DZ-Net (Variational Dense),0.7313,0.5562,0.631854,3.8079,1.054,1278.000,261.250,10.250,Lip Pursing,2
sub-c7t-043,sub-c7t-043_run-1,7T ds003642 CEREBRUM-7T,train,3DZ-Net (Variational Dense),0.8389,0.2782,0.417851,4.0000,1.544,561.625,30.000,2.875,Lip Pursing,2
sub-c7t-044,sub-c7t-044_run-1,7T ds003642 CEREBRUM-7T,test,3DZ-Net (Variational Dense),0.8389,0.8485,0.843650,2.1794,4.387,2079.125,338.875,92.250,Lip Pursing,2
sub-c7t-044,sub-c7t-044_run-2,7T ds003642 CEREBRUM-7T,test,3DZ-Net (Variational Dense),0.8446,0.8361,0.840346,4.3589,4.608,1912.625,294.125,87.250,Lip Pursing,2
sub-c7t-045,sub-c7t-045_run-1,7T ds003642 CEREBRUM-7T,train,3DZ-Net (Variational Dense),0.8481,0.1920,0.313161,7.2284,0.719,1995.750,68.625,3.250,Lip Pursing,2
sub-c7t-045,sub-c7t-045_run-2,7T ds003642 CEREBRUM-7T,train,3DZ-Net (Variational Dense),0.9330,0.8939,0.913055,2.8284,1.542,1701.250,109.125,25.125,Lip Pursing,2
sub-c7t-046,sub-c7t-046_run-1,7T ds003642 CEREBRUM-7T,test,3DZ-Net (Variational Dense),0.5014,0.4408,0.469139,4.6098,13.194,1193.125,522.875,138.375,Lip Pursing,2
sub-c7t-047,sub-c7t-047_run-1,7T ds003642 CEREBRUM-7T,train,3DZ-Net (Variational Dense),0.8814,0.6766,0.765514,1.6583,4.017,1738.875,158.375,53.625,Lip Pursing,2
sub-c7t-047,sub-c7t-047_run-2,7T ds003642 CEREBRUM-7T,train,3DZ-Net (Variational Dense),0.8483,0.7044,0.769695,3.6401,11.318,1085.250,136.750,102.000,Lip Pursing,2
sub-c7t-048,sub-c7t-048_run-1,7T ds003642 CEREBRUM-7T,train,3DZ-Net (Variational Dense),0.9324,0.9544,0.943269,1.5000,0.794,1552.750,107.375,12.625,Lip Pursing,2
sub-c7t-048,sub-c7t-048_run-2,7T ds003642 CEREBRUM-7T,train,3DZ-Net (Variational Dense),0.9272,0.7735,0.843373,2.9155,0.875,1798.750,109.250,13.125,Lip Pursing,2
sub-c7t-049,sub-c7t-049_run-1,7T ds003642 CEREBRUM-7T,train,3DZ-Net (Variational Dense),0.5818,0.5922,0.586952,4.8990,0.650,1095.625,466.500,7.250,Lip Pursing,2
sub-c7t-049,sub-c7t-049_run-2,7T ds003642 CEREBRUM-7T,train,3DZ-Net (Variational Dense),0.7524,0.4756,0.582779,3.7417,1.916,1104.750,172.875,13.375,Lip Pursing,2
sub-c7t-050,sub-c7t-050_run-1,7T ds003642 CEREBRUM-7T,train,3DZ-Net (Variational Dense),0.8538,0.2952,0.438731,4.4721,1.097,2207.250,111.625,8.375,Lip Pursing,2
sub-c7t-050,sub-c7t-050_run-2,7T ds003642 CEREBRUM-7T,train,3DZ-Net (Variational Dense),0.7739,0.6797,0.723752,4.0000,2.410,1488.375,295.500,31.500,Lip Pursing,2
sub-c7t-051,sub-c7t-051_run-1,7T ds003642 CEREBRUM-7T,train,3DZ-Net (Variational Dense),0.9506,0.8388,0.891192,2.0000,0.961,1223.625,53.375,10.375,Lip Pursing,2
sub-c7t-052,sub-c7t-052_run-1,7T ds003642 CEREBRUM-7T,train,3DZ-Net (Variational Dense),0.9239,0.9201,0.921989,1.7321,0.950,965.000,73.125,9.125,Lip Pursing,2
sub-c7t-053,sub-c7t-053_run-1,7T ds003642 CEREBRUM-7T,val,3DZ-Net (Variational Dense),0.9553,0.8906,0.921781,2.4495,1.939,2289.250,95.500,41.375,Lip Pursing,2
sub-c7t-053,sub-c7t-053_run-2,7T ds003642 CEREBRUM-7T,val,3DZ-Net (Variational Dense),0.8694,0.6239,0.726451,3.7417,5.473,2368.125,221.875,93.000,Lip Pursing,2
sub-c7t-054,sub-c7t-054_run-1,7T ds003642 CEREBRUM-7T,train,3DZ-Net (Variational Dense),0.8722,0.7637,0.814357,5.0498,1.775,1142.000,127.750,17.750,Lip Pursing,2
sub-c7t-055,sub-c7t-055_run-1,7T ds003642 CEREBRUM-7T,train,3DZ-Net (Variational Dense),0.8392,0.6679,0.743811,1.5811,1.664,2142.500,274.250,28.375,Lip Pursing,2
sub-c7t-055,sub-c7t-055_run-2,7T ds003642 CEREBRUM-7T,train,3DZ-Net (Variational Dense),0.9071,0.9165,0.911789,3.2787,3.480,1550.000,145.500,54.500,Lip Pursing,2
sub-c7t-056,sub-c7t-056_run-1,7T ds003642 CEREBRUM-7T,test,3DZ-Net (Variational Dense),0.8640,0.8089,0.835545,3.3541,2.902,2369.000,301.750,64.375,Lip Pursing,2
sub-c7t-056,sub-c7t-056_run-2,7T ds003642 CEREBRUM-7T,test,3DZ-Net (Variational Dense),0.9096,0.8919,0.900659,1.8708,0.641,2029.250,179.875,12.750,Lip Pursing,2
sub-c7t-057,sub-c7t-057_run-1,7T ds003642 CEREBRUM-7T,train,3DZ-Net (Variational Dense),0.5443,0.6073,0.574083,9.5131,7.985,1920.875,976.500,171.125,Lip Pursing,2
sub-c7t-057,sub-c7t-057_run-2,7T ds003642 CEREBRUM-7T,train,3DZ-Net (Variational Dense),0.7869,0.5894,0.673992,4.8218,6.607,1255.250,200.375,62.125,Lip Pursing,2
sub-c7t-058,sub-c7t-058_run-1,7T ds003642 CEREBRUM-7T,train,3DZ-Net (Variational Dense),0.7835,0.7221,0.751549,3.3912,1.831,1459.125,291.125,24.625,Lip Pursing,2
sub-c7t-058,sub-c7t-058_run-2,7T ds003642 CEREBRUM-7T,train,3DZ-Net (Variational Dense),0.6821,0.3721,0.481527,5.3385,6.300,1182.125,205.000,40.625,Lip Pursing,2
sub-c7t-059,sub-c7t-059_run-1,7T ds003642 CEREBRUM-7T,train,3DZ-Net (Variational Dense),0.2259,0.6178,0.330796,14.4568,15.744,1152.000,2439.500,496.125,Lip Pursing,2
sub-c7t-060,sub-c7t-060_run-1,7T ds003642 CEREBRUM-7T,train,3DZ-Net (Variational Dense),0.9024,0.8255,0.862274,2.2361,4.842,1930.125,172.250,85.500,Lip Pursing,2
sub-c7t-061,sub-c7t-061_run-1,7T ds003642 CEREBRUM-7T,test,3DZ-Net (Variational Dense),0.8223,0.8021,0.812034,5.0990,0.863,2139.000,370.875,18.000,Lip Pursing,2
sub-c7t-061,sub-c7t-061_run-2,7T ds003642 CEREBRUM-7T,test,3DZ-Net (Variational Dense),0.7972,0.4015,0.534070,2.0000,2.777,2466.750,252.000,34.500,Lip Pursing,2
sub-c7t-062,sub-c7t-062_run-1,7T ds003642 CEREBRUM-7T,train,3DZ-Net (Variational Dense),0.9609,0.9318,0.946160,1.4142,0.873,2392.750,90.625,20.250,Lip Pursing,2
sub-c7t-062,sub-c7t-062_run-2,7T ds003642 CEREBRUM-7T,train,3DZ-Net (Variational Dense),0.9215,0.8604,0.889919,2.8284,2.978,1924.375,141.000,53.500,Lip Pursing,2
sub-c7t-063,sub-c7t-063_run-1,7T ds003642 CEREBRUM-7T,test,3DZ-Net (Variational Dense),0.9079,0.7436,0.817605,3.9051,6.545,888.375,67.000,47.625,Lip Pursing,2
sub-c7t-063,sub-c7t-063_run-2,7T ds003642 CEREBRUM-7T,test,3DZ-Net (Variational Dense),0.8105,0.7149,0.759699,3.0822,2.950,917.625,153.375,23.875,Lip Pursing,2
sub-c7t-064,sub-c7t-064_run-1,7T ds003642 CEREBRUM-7T,train,3DZ-Net (Variational Dense),0.9524,0.8882,0.919168,1.5000,0.806,1779.625,79.000,13.375,Lip Pursing,2
sub-c7t-064,sub-c7t-064_run-2,7T ds003642 CEREBRUM-7T,train,3DZ-Net (Variational Dense),0.9710,0.8549,0.909278,1.6583,0.364,1288.875,32.875,4.125,Lip Pursing,2
sub-c7t-065,sub-c7t-065_run-1,7T ds003642 CEREBRUM-7T,train,3DZ-Net (Variational Dense),0.7978,0.5061,0.619299,5.5902,6.929,1692.250,217.000,74.375,Lip Pursing,2
sub-c7t-065,sub-c7t-065_run-2,7T ds003642 CEREBRUM-7T,train,3DZ-Net (Variational Dense),0.9401,0.9250,0.932505,0.7071,0.816,1510.375,89.000,12.125,Lip Pursing,2
sub-c7t-066,sub-c7t-066_run-1,7T ds003642 CEREBRUM-7T,val,3DZ-Net (Variational Dense),0.8735,0.6100,0.718375,4.3875,3.835,1488.875,131.500,39.875,Lip Pursing,2
sub-c7t-066,sub-c7t-066_run-2,7T ds003642 CEREBRUM-7T,val,3DZ-Net (Variational Dense),0.9594,0.9312,0.945098,1.4142,0.343,938.125,37.000,3.125,Lip Pursing,2
sub-c7t-067,sub-c7t-067_run-1,7T ds003642 CEREBRUM-7T,train,3DZ-Net (Variational Dense),0.9765,0.9382,0.956996,0.8660,0.397,1507.625,34.000,5.750,Lip Pursing,2
sub-c7t-068,sub-c7t-068_run-1,7T ds003642 CEREBRUM-7T,train,3DZ-Net (Variational Dense),0.9722,0.9124,0.941368,1.7321,0.752,1858.625,48.500,13.125,Lip Pursing,2
sub-c7t-068,sub-c7t-068_run-2,7T ds003642 CEREBRUM-7T,train,3DZ-Net (Variational Dense),0.9505,0.8733,0.910261,1.4142,0.590,1153.500,52.500,6.250,Lip Pursing,2
sub-c7t-069,sub-c7t-069_run-1,7T ds003642 CEREBRUM-7T,train,3DZ-Net (Variational Dense),0.9143,0.8384,0.874689,2.6926,0.565,2122.500,166.875,11.000,Lip Pursing,2
sub-c7t-069,sub-c7t-069_run-2,7T ds003642 CEREBRUM-7T,train,3DZ-Net (Variational Dense),0.9452,0.6728,0.786027,4.0620,0.186,2167.750,84.625,2.875,Lip Pursing,2
sub-c7t-070,sub-c7t-070_run-1,7T ds003642 CEREBRUM-7T,test,3DZ-Net (Variational Dense),0.9479,0.9264,0.937036,2.5495,1.170,2426.625,123.625,27.750,Lip Pursing,2
sub-c7t-071,sub-c7t-071_run-1,7T ds003642 CEREBRUM-7T,train,3DZ-Net (Variational Dense),0.7016,0.5920,0.642172,3.4641,3.016,1350.625,340.125,34.375,Lip Pursing,2
sub-c7t-072,sub-c7t-072_run-1,7T ds003642 CEREBRUM-7T,test,3DZ-Net (Variational Dense),0.9276,0.8402,0.881769,2.2361,0.318,1302.000,85.375,3.750,Lip Pursing,2
sub-c7t-072,sub-c7t-072_run-2,7T ds003642 CEREBRUM-7T,test,3DZ-Net (Variational Dense),0.8697,0.7553,0.808440,3.4641,0.037,1540.875,174.375,0.500,Lip Pursing,2
sub-c7t-073,sub-c7t-073_run-1,7T ds003642 CEREBRUM-7T,val,3DZ-Net (Variational Dense),0.8981,0.8183,0.856337,3.2404,1.019,1669.000,155.000,15.500,Lip Pursing,2
sub-c7t-074,sub-c7t-074_run-1,7T ds003642 CEREBRUM-7T,val,3DZ-Net (Variational Dense),0.7848,0.6935,0.736307,4.0000,5.143,1292.750,245.875,58.750,Lip Pursing,2
sub-c7t-074,sub-c7t-074_run-2,7T ds003642 CEREBRUM-7T,val,3DZ-Net (Variational Dense),0.8805,0.7460,0.807699,3.6401,1.005,1086.250,110.000,9.250,Lip Pursing,2
sub-c7t-075,sub-c7t-075_run-1,7T ds003642 CEREBRUM-7T,train,3DZ-Net (Variational Dense),0.9291,0.8330,0.878405,4.2720,3.504,1444.500,91.875,45.375,Lip Pursing,2
sub-c7t-075,sub-c7t-075_run-2,7T ds003642 CEREBRUM-7T,train,3DZ-Net (Variational Dense),0.9447,0.9757,0.959934,1.5000,1.938,1192.500,68.125,23.875,Lip Pursing,2
sub-c7t-076,sub-c7t-076_run-1,7T ds003642 CEREBRUM-7T,val,3DZ-Net (Variational Dense),0.8773,0.9143,0.895389,1.5811,5.470,1557.000,199.125,88.750,Lip Pursing,2
sub-c7t-076,sub-c7t-076_run-2,7T ds003642 CEREBRUM-7T,val,3DZ-Net (Variational Dense),0.9150,0.9446,0.929588,2.2913,1.325,1517.250,133.125,20.750,Lip Pursing,2
sub-ds114-01,sub-ds114-01_ses-retest,3T ds000114 (GAN 3T->7T),val,3DZ-Net (Variational Dense),0.9211,0.8249,0.870328,2.9155,0.659,804.500,56.875,4.750,Lip Pursing,2
sub-ds114-01,sub-ds114-01_ses-test,3T ds000114 (GAN 3T->7T),val,3DZ-Net (Variational Dense),0.9059,0.9103,0.908083,1.8028,0.491,1619.750,153.250,8.000,Lip Pursing,2
sub-ds114-02,sub-ds114-02_ses-retest,3T ds000114 (GAN 3T->7T),train,3DZ-Net (Variational Dense),0.9593,0.9496,0.954419,1.4142,1.380,1400.250,56.375,19.125,Lip Pursing,2
sub-ds114-02,sub-ds114-02_ses-test,3T ds000114 (GAN 3T->7T),train,3DZ-Net (Variational Dense),0.9026,0.8358,0.867912,3.2404,0.310,1699.625,153.250,4.875,Lip Pursing,2
sub-ds114-03,sub-ds114-03_ses-retest,3T ds000114 (GAN 3T->7T),train,3DZ-Net (Variational Dense),0.8992,0.7491,0.817311,3.6056,3.949,1580.375,132.750,52.000,Lip Pursing,2
sub-ds114-03,sub-ds114-03_ses-test,3T ds000114 (GAN 3T->7T),train,3DZ-Net (Variational Dense),0.8654,0.6806,0.761979,5.3619,4.492,1079.125,114.250,38.125,Lip Pursing,2
sub-ds114-04,sub-ds114-04_ses-retest,3T ds000114 (GAN 3T->7T),train,3DZ-Net (Variational Dense),0.7706,0.5129,0.615905,4.8990,1.920,1398.625,213.500,17.875,Lip Pursing,2
sub-ds114-04,sub-ds114-04_ses-test,3T ds000114 (GAN 3T->7T),train,3DZ-Net (Variational Dense),0.7841,0.6075,0.684610,7.2629,0.695,1486.375,248.625,8.000,Lip Pursing,2
sub-ds114-05,sub-ds114-05_ses-retest,3T ds000114 (GAN 3T->7T),train,3DZ-Net (Variational Dense),0.8451,0.6901,0.759764,2.6926,0.189,1867.500,236.250,2.875,Lip Pursing,2
sub-ds114-05,sub-ds114-05_ses-test,3T ds000114 (GAN 3T->7T),train,3DZ-Net (Variational Dense),0.9492,0.9313,0.940153,2.0000,0.247,1856.500,92.625,4.500,Lip Pursing,2
sub-ds114-06,sub-ds114-06_ses-retest,3T ds000114 (GAN 3T->7T),train,3DZ-Net (Variational Dense),0.7669,0.5546,0.643663,4.5826,17.885,1787.000,301.250,231.125,Lip Pursing,2
sub-ds114-06,sub-ds114-06_ses-test,3T ds000114 (GAN 3T->7T),train,3DZ-Net (Variational Dense),0.9054,0.7560,0.823949,2.8723,5.635,1490.500,117.750,70.125,Lip Pursing,2
sub-ds114-07,sub-ds114-07_ses-retest,3T ds000114 (GAN 3T->7T),val,3DZ-Net (Variational Dense),0.5781,0.3101,0.403639,5.0000,16.277,2441.500,552.375,213.125,Lip Pursing,2
sub-ds114-07,sub-ds114-07_ses-test,3T ds000114 (GAN 3T->7T),val,3DZ-Net (Variational Dense),0.8210,0.6586,0.730865,2.9580,1.638,2064.375,296.375,27.125,Lip Pursing,2
sub-ds114-08,sub-ds114-08_ses-retest,3T ds000114 (GAN 3T->7T),train,3DZ-Net (Variational Dense),0.9142,0.7311,0.812478,5.3151,0.181,1382.625,94.875,2.000,Lip Pursing,2
sub-ds114-08,sub-ds114-08_ses-test,3T ds000114 (GAN 3T->7T),train,3DZ-Net (Variational Dense),0.9585,0.9362,0.947185,2.2913,0.314,1303.875,52.875,4.000,Lip Pursing,2
sub-ds114-09,sub-ds114-09_ses-retest,3T ds000114 (GAN 3T->7T),test,3DZ-Net (Variational Dense),0.5983,0.5558,0.576270,3.2787,37.187,1457.125,543.750,503.375,Lip Pursing,2
sub-ds114-09,sub-ds114-09_ses-test,3T ds000114 (GAN 3T->7T),test,3DZ-Net (Variational Dense),0.4934,0.6761,0.570507,2.3452,18.668,1569.625,1089.500,401.500,Lip Pursing,2
sub-ds114-10,sub-ds114-10_ses-retest,3T ds000114 (GAN 3T->7T),train,3DZ-Net (Variational Dense),0.8230,0.8025,0.812610,4.0311,2.270,756.875,130.625,16.750,Lip Pursing,2
sub-ds114-10,sub-ds114-10_ses-test,3T ds000114 (GAN 3T->7T),train,3DZ-Net (Variational Dense),0.8367,0.5897,0.691784,3.0414,2.133,1130.750,130.125,17.000,Lip Pursing,2
sub-mda-01,sub-mda-01_ses-7t,7T MDA atlas source,train,3DZ-Net (Variational Dense),0.9435,0.9153,0.929182,3.9051,0.368,2553.375,140.000,9.125,Lip Pursing,2
sub-mda-02,sub-mda-02_ses-7t,7T MDA atlas source,train,3DZ-Net (Variational Dense),0.8542,0.8649,0.859532,7.2973,4.629,1210.625,178.750,56.750,Lip Pursing,2
sub-mda-03,sub-mda-03_ses-7t,7T MDA atlas source,train,3DZ-Net (Variational Dense),0.9166,0.8116,0.860903,5.0000,0.083,2387.875,176.375,1.750,Lip Pursing,2
sub-mda-04,sub-mda-04_ses-7t,7T MDA atlas source,train,3DZ-Net (Variational Dense),0.8879,0.9703,0.927268,1.4142,4.755,916.500,112.250,47.625,Lip Pursing,2
sub-mda-05,sub-mda-05_ses-7t,7T MDA atlas source,train,3DZ-Net (Variational Dense),0.8683,0.8464,0.857245,5.1235,4.395,1242.875,159.500,53.250,Lip Pursing,2
sub-mda-06,sub-mda-06_ses-7t,7T MDA atlas source,test,3DZ-Net (Variational Dense),0.9856,0.9906,0.988072,0.8660,0.203,4176.000,60.625,8.500,Lip Pursing,2
sub-mda-07,sub-mda-07_ses-7t,7T MDA atlas source,val,3DZ-Net (Variational Dense),0.7994,0.6253,0.701698,4.5552,0.923,1611.125,252.750,11.625,Lip Pursing,2
sub-mda-08,sub-mda-08_ses-7t,7T MDA atlas source,train,3DZ-Net (Variational Dense),0.8985,0.9570,0.926817,1.5000,2.234,1870.125,202.125,44.500,Lip Pursing,2
sub-mda-09,sub-mda-09_ses-7t,7T MDA atlas source,train,3DZ-Net (Variational Dense),0.8443,0.8135,0.828607,3.2787,0.877,1183.000,177.500,10.000,Lip Pursing,2
sub-mda-10,sub-mda-10_ses-7t,7T MDA atlas source,test,3DZ-Net (Variational Dense),0.9567,0.9858,0.971028,1.5811,0.187,2073.875,92.625,4.000,Lip Pursing,2
sub-mda-11,sub-mda-11_ses-7t,7T MDA atlas source,val,3DZ-Net (Variational Dense),0.8727,0.6143,0.721065,2.0616,0.231,1229.000,110.125,2.000,Lip Pursing,2
sub-mda-12,sub-mda-12_ses-7t,7T MDA atlas source,train,3DZ-Net (Variational Dense),0.8247,0.5231,0.640125,4.3875,0.335,1175.750,130.750,2.500,Lip Pursing,2
sub-c7t-001,sub-c7t-001_run-1,7T ds003642 CEREBRUM-7T,train,Ensemble-nnU-Net (Baseline),0.9281,0.9726,0.949849,2.2361,0.887,1722.125,129.750,16.000,Lip Pursing,2
sub-c7t-001,sub-c7t-001_run-2,7T ds003642 CEREBRUM-7T,train,Ensemble-nnU-Net (Baseline),0.9160,0.9477,0.931588,2.0000,1.479,1511.375,131.375,23.125,Lip Pursing,2
sub-c7t-002,sub-c7t-002_run-1,7T ds003642 CEREBRUM-7T,train,Ensemble-nnU-Net (Baseline),0.7560,0.7638,0.759897,2.6926,8.543,1300.500,320.625,112.250,Lip Pursing,2
sub-c7t-002,sub-c7t-002_run-2,7T ds003642 CEREBRUM-7T,train,Ensemble-nnU-Net (Baseline),0.7934,0.8847,0.836551,2.8723,7.207,1344.000,309.625,108.000,Lip Pursing,2
sub-c7t-003,sub-c7t-003_run-1,7T ds003642 CEREBRUM-7T,train,Ensemble-nnU-Net (Baseline),0.8884,0.9355,0.911303,1.5811,1.732,1055.750,124.125,19.250,Lip Pursing,2
sub-c7t-004,sub-c7t-004_run-1,7T ds003642 CEREBRUM-7T,train,Ensemble-nnU-Net (Baseline),0.9662,0.9648,0.965474,1.5811,0.601,791.625,26.750,4.750,Lip Pursing,2
sub-c7t-004,sub-c7t-004_run-2,7T ds003642 CEREBRUM-7T,train,Ensemble-nnU-Net (Baseline),0.9321,0.9261,0.929079,2.6926,2.174,520.750,35.125,11.250,Lip Pursing,2
sub-c7t-005,sub-c7t-005_run-1,7T ds003642 CEREBRUM-7T,val,Ensemble-nnU-Net (Baseline),0.8477,0.7564,0.799468,5.3151,5.577,1391.375,189.125,69.250,Lip Pursing,2
sub-c7t-005,sub-c7t-005_run-2,7T ds003642 CEREBRUM-7T,val,Ensemble-nnU-Net (Baseline),0.5552,0.3784,0.450052,11.1915,18.889,1561.125,473.375,201.000,Lip Pursing,2
sub-c7t-006,sub-c7t-006_run-1,7T ds003642 CEREBRUM-7T,train,Ensemble-nnU-Net (Baseline),0.8908,0.8574,0.873741,2.0000,0.716,1833.250,192.750,12.625,Lip Pursing,2
sub-c7t-007,sub-c7t-007_run-1,7T ds003642 CEREBRUM-7T,train,Ensemble-nnU-Net (Baseline),0.6999,0.3612,0.476469,6.0415,1.532,1944.750,301.125,15.375,Lip Pursing,2
sub-c7t-007,sub-c7t-007_run-2,7T ds003642 CEREBRUM-7T,train,Ensemble-nnU-Net (Baseline),0.8194,0.8921,0.854200,2.0616,0.656,1696.750,333.750,12.125,Lip Pursing,2
sub-c7t-008,sub-c7t-008_run-1,7T ds003642 CEREBRUM-7T,train,Ensemble-nnU-Net (Baseline),0.8829,0.8691,0.875939,3.2404,1.879,1290.750,148.750,23.875,Lip Pursing,2
sub-c7t-008,sub-c7t-008_run-2,7T ds003642 CEREBRUM-7T,train,Ensemble-nnU-Net (Baseline),0.8042,0.5751,0.670640,2.9580,1.899,855.875,119.875,11.625,Lip Pursing,2
sub-c7t-009,sub-c7t-009_run-1,7T ds003642 CEREBRUM-7T,val,Ensemble-nnU-Net (Baseline),0.8819,0.9216,0.901344,1.1180,2.430,1609.625,198.625,40.875,Lip Pursing,2
sub-c7t-010,sub-c7t-010_run-1,7T ds003642 CEREBRUM-7T,test,Ensemble-nnU-Net (Baseline),0.9458,0.9098,0.927458,1.5000,1.016,805.375,42.000,7.875,Lip Pursing,2
sub-c7t-010,sub-c7t-010_run-2,7T ds003642 CEREBRUM-7T,test,Ensemble-nnU-Net (Baseline),0.9383,0.8567,0.895619,1.7321,1.254,709.875,40.000,8.125,Lip Pursing,2
sub-c7t-011,sub-c7t-011_run-1,7T ds003642 CEREBRUM-7T,train,Ensemble-nnU-Net (Baseline),0.8504,0.6740,0.751971,3.4641,7.374,1565.750,185.625,91.500,Lip Pursing,2
sub-c7t-011,sub-c7t-011_run-2,7T ds003642 CEREBRUM-7T,train,Ensemble-nnU-Net (Baseline),0.8956,0.9138,0.904585,1.5000,4.054,933.750,99.500,38.625,Lip Pursing,2
sub-c7t-012,sub-c7t-012_run-1,7T ds003642 CEREBRUM-7T,train,Ensemble-nnU-Net (Baseline),0.8254,0.6817,0.746724,2.1794,5.687,2408.625,347.250,113.125,Lip Pursing,2
sub-c7t-013,sub-c7t-013_run-1,7T ds003642 CEREBRUM-7T,train,Ensemble-nnU-Net (Baseline),0.6550,0.8372,0.734984,8.1548,29.817,1258.750,555.125,479.750,Lip Pursing,2
sub-c7t-013,sub-c7t-013_run-2,7T ds003642 CEREBRUM-7T,train,Ensemble-nnU-Net (Baseline),0.9010,0.9032,0.902106,2.8284,7.772,1650.875,163.875,128.625,Lip Pursing,2
sub-c7t-014,sub-c7t-014_run-1,7T ds003642 CEREBRUM-7T,test,Ensemble-nnU-Net (Baseline),0.9051,0.5789,0.706132,3.4641,4.427,1041.875,63.250,29.500,Lip Pursing,2
sub-c7t-015,sub-c7t-015_run-1,7T ds003642 CEREBRUM-7T,train,Ensemble-nnU-Net (Baseline),0.8036,0.7726,0.787783,2.0000,2.195,2097.000,396.000,44.250,Lip Pursing,2
sub-c7t-015,sub-c7t-015_run-2,7T ds003642 CEREBRUM-7T,train,Ensemble-nnU-Net (Baseline),0.8426,0.8829,0.862282,3.1623,1.955,2233.000,368.250,45.750,Lip Pursing,2
sub-c7t-016,sub-c7t-016_run-1,7T ds003642 CEREBRUM-7T,train,Ensemble-nnU-Net (Baseline),0.8308,0.8625,0.846341,1.8708,11.649,2068.375,363.250,250.125,Lip Pursing,2
sub-c7t-016,sub-c7t-016_run-2,7T ds003642 CEREBRUM-7T,train,Ensemble-nnU-Net (Baseline),0.6128,0.4136,0.493877,4.0927,25.981,1109.125,289.875,194.500,Lip Pursing,2
sub-c7t-017,sub-c7t-017_run-1,7T ds003642 CEREBRUM-7T,train,Ensemble-nnU-Net (Baseline),0.8315,0.6421,0.724607,2.0616,9.467,1313.125,170.875,96.000,Lip Pursing,2
sub-c7t-018,sub-c7t-018_run-1,7T ds003642 CEREBRUM-7T,train,Ensemble-nnU-Net (Baseline),0.9054,0.8692,0.886918,4.1833,0.601,1517.125,137.750,8.750,Lip Pursing,2
sub-c7t-019,sub-c7t-019_run-1,7T ds003642 CEREBRUM-7T,train,Ensemble-nnU-Net (Baseline),0.7470,0.7468,0.746863,1.5811,1.959,1793.250,453.625,35.125,Lip Pursing,2
sub-c7t-020,sub-c7t-020_run-1,7T ds003642 CEREBRUM-7T,train,Ensemble-nnU-Net (Baseline),0.8408,0.7920,0.815670,3.0000,2.123,1337.500,200.500,26.750,Lip Pursing,2
sub-c7t-021,sub-c7t-021_run-1,7T ds003642 CEREBRUM-7T,train,Ensemble-nnU-Net (Baseline),0.9283,0.8948,0.911221,1.8708,3.503,1336.375,92.375,45.125,Lip Pursing,2
sub-c7t-021,sub-c7t-021_run-2,7T ds003642 CEREBRUM-7T,train,Ensemble-nnU-Net (Baseline),0.8918,0.8068,0.847210,6.3836,6.472,1142.125,111.750,66.875,Lip Pursing,2
sub-c7t-022,sub-c7t-022_run-1,7T ds003642 CEREBRUM-7T,train,Ensemble-nnU-Net (Baseline),0.8220,0.9129,0.865065,2.2361,11.474,1841.250,364.000,234.625,Lip Pursing,2
sub-c7t-023,sub-c7t-023_run-1,7T ds003642 CEREBRUM-7T,train,Ensemble-nnU-Net (Baseline),0.7690,0.5803,0.661460,3.5355,5.120,1824.375,318.125,70.500,Lip Pursing,2
sub-c7t-024,sub-c7t-024_run-1,7T ds003642 CEREBRUM-7T,train,Ensemble-nnU-Net (Baseline),0.7808,0.6314,0.698198,3.4641,3.731,927.875,164.500,28.000,Lip Pursing,2
sub-c7t-024,sub-c7t-024_run-2,7T ds003642 CEREBRUM-7T,train,Ensemble-nnU-Net (Baseline),0.9025,0.8189,0.858676,5.3385,1.509,903.750,80.000,12.375,Lip Pursing,2
sub-c7t-025,sub-c7t-025_run-1,7T ds003642 CEREBRUM-7T,train,Ensemble-nnU-Net (Baseline),0.8075,0.8334,0.820274,1.5000,5.638,1849.625,367.375,107.625,Lip Pursing,2
sub-c7t-025,sub-c7t-025_run-2,7T ds003642 CEREBRUM-7T,train,Ensemble-nnU-Net (Baseline),0.7230,0.5784,0.642667,5.4314,11.137,1280.875,283.875,114.125,Lip Pursing,2
sub-c7t-026,sub-c7t-026_run-1,7T ds003642 CEREBRUM-7T,val,Ensemble-nnU-Net (Baseline),0.6436,0.7146,0.677277,5.3151,5.652,1131.375,447.625,71.000,Lip Pursing,2
sub-c7t-027,sub-c7t-027_run-1,7T ds003642 CEREBRUM-7T,test,Ensemble-nnU-Net (Baseline),0.6438,0.3158,0.423730,5.2202,6.903,1793.875,313.500,60.750,Lip Pursing,2
sub-c7t-028,sub-c7t-028_run-1,7T ds003642 CEREBRUM-7T,train,Ensemble-nnU-Net (Baseline),0.8146,0.7423,0.776787,3.1623,7.318,1503.375,254.000,100.250,Lip Pursing,2
sub-c7t-029,sub-c7t-029_run-1,7T ds003642 CEREBRUM-7T,train,Ensemble-nnU-Net (Baseline),0.9294,0.8537,0.889949,1.5811,0.483,2253.250,146.125,10.000,Lip Pursing,2
sub-c7t-029,sub-c7t-029_run-2,7T ds003642 CEREBRUM-7T,train,Ensemble-nnU-Net (Baseline),0.8897,0.7397,0.807770,1.5811,0.573,2097.750,192.375,10.000,Lip Pursing,2
sub-c7t-030,sub-c7t-030_run-1,7T ds003642 CEREBRUM-7T,val,Ensemble-nnU-Net (Baseline),0.8862,0.9306,0.907839,2.0000,3.789,1514.375,181.000,60.250,Lip Pursing,2
sub-c7t-030,sub-c7t-030_run-2,7T ds003642 CEREBRUM-7T,val,Ensemble-nnU-Net (Baseline),0.8064,0.9053,0.852972,2.6926,6.001,1504.750,327.125,101.375,Lip Pursing,2
sub-c7t-031,sub-c7t-031_run-1,7T ds003642 CEREBRUM-7T,train,Ensemble-nnU-Net (Baseline),0.7595,0.8480,0.801326,2.4495,8.513,1390.000,373.250,132.125,Lip Pursing,2
sub-c7t-031,sub-c7t-031_run-2,7T ds003642 CEREBRUM-7T,train,Ensemble-nnU-Net (Baseline),0.8707,0.8494,0.859917,2.8284,5.505,1531.750,193.125,82.250,Lip Pursing,2
sub-c7t-032,sub-c7t-032_run-1,7T ds003642 CEREBRUM-7T,val,Ensemble-nnU-Net (Baseline),0.9534,0.9545,0.953986,1.1180,0.342,2557.500,119.250,8.750,Lip Pursing,2
sub-c7t-032,sub-c7t-032_run-2,7T ds003642 CEREBRUM-7T,val,Ensemble-nnU-Net (Baseline),0.8001,0.7989,0.799531,2.2361,1.926,3575.625,713.500,68.750,Lip Pursing,2
sub-c7t-033,sub-c7t-033_run-1,7T ds003642 CEREBRUM-7T,test,Ensemble-nnU-Net (Baseline),0.5118,0.6238,0.562256,6.1847,10.205,809.000,481.375,100.625,Lip Pursing,2
sub-c7t-033,sub-c7t-033_run-2,7T ds003642 CEREBRUM-7T,test,Ensemble-nnU-Net (Baseline),0.8181,0.3513,0.491552,8.0156,6.091,1061.000,82.875,27.750,Lip Pursing,2
sub-c7t-034,sub-c7t-034_run-1,7T ds003642 CEREBRUM-7T,train,Ensemble-nnU-Net (Baseline),0.5244,0.4013,0.454620,5.3151,12.835,1552.625,565.125,152.500,Lip Pursing,2
sub-c7t-034,sub-c7t-034_run-2,7T ds003642 CEREBRUM-7T,train,Ensemble-nnU-Net (Baseline),0.6704,0.3582,0.466897,2.8284,6.846,1534.500,270.250,56.125,Lip Pursing,2
sub-c7t-035,sub-c7t-035_run-1,7T ds003642 CEREBRUM-7T,train,Ensemble-nnU-Net (Baseline),0.9067,0.9053,0.905987,2.1213,1.686,831.625,77.500,14.000,Lip Pursing,2
sub-c7t-036,sub-c7t-036_run-1,7T ds003642 CEREBRUM-7T,train,Ensemble-nnU-Net (Baseline),0.8741,0.5103,0.644365,1.8708,3.297,1259.875,92.625,24.250,Lip Pursing,2
sub-c7t-036,sub-c7t-036_run-2,7T ds003642 CEREBRUM-7T,train,Ensemble-nnU-Net (Baseline),0.7999,0.8408,0.819870,3.5000,8.097,1512.625,318.125,128.750,Lip Pursing,2
sub-c7t-037,sub-c7t-037_run-1,7T ds003642 CEREBRUM-7T,train,Ensemble-nnU-Net (Baseline),0.9250,0.8651,0.894066,2.0000,0.451,1807.875,126.750,7.625,Lip Pursing,2
sub-c7t-037,sub-c7t-037_run-2,7T ds003642 CEREBRUM-7T,train,Ensemble-nnU-Net (Baseline),0.9430,0.8696,0.904824,3.8406,0.759,1535.250,80.750,10.750,Lip Pursing,2
sub-c7t-038,sub-c7t-038_run-1,7T ds003642 CEREBRUM-7T,train,Ensemble-nnU-Net (Baseline),0.8441,0.8359,0.839963,2.1213,5.317,1305.625,201.625,68.750,Lip Pursing,2
sub-c7t-038,sub-c7t-038_run-2,7T ds003642 CEREBRUM-7T,train,Ensemble-nnU-Net (Baseline),0.8244,0.7568,0.789201,2.9580,4.806,1762.250,284.000,77.750,Lip Pursing,2
sub-c7t-039,sub-c7t-039_run-1,7T ds003642 CEREBRUM-7T,test,Ensemble-nnU-Net (Baseline),0.8449,0.7313,0.783967,3.5707,7.650,1548.000,207.875,102.500,Lip Pursing,2
sub-c7t-040,sub-c7t-040_run-1,7T ds003642 CEREBRUM-7T,train,Ensemble-nnU-Net (Baseline),0.9596,0.7743,0.857067,2.1213,0.568,2345.375,76.500,10.750,Lip Pursing,2
sub-c7t-040,sub-c7t-040_run-2,7T ds003642 CEREBRUM-7T,train,Ensemble-nnU-Net (Baseline),0.7699,0.7864,0.778078,3.7749,3.798,1946.375,457.375,75.500,Lip Pursing,2
sub-c7t-041,sub-c7t-041_run-1,7T ds003642 CEREBRUM-7T,train,Ensemble-nnU-Net (Baseline),0.9325,0.8518,0.890334,2.5981,1.401,1055.000,65.000,13.500,Lip Pursing,2
sub-c7t-042,sub-c7t-042_run-1,7T ds003642 CEREBRUM-7T,val,Ensemble-nnU-Net (Baseline),0.6887,0.6694,0.678901,5.3852,7.436,1278.000,386.750,92.375,Lip Pursing,2
sub-c7t-043,sub-c7t-043_run-1,7T ds003642 CEREBRUM-7T,train,Ensemble-nnU-Net (Baseline),0.8270,0.6448,0.724612,2.5981,1.142,561.625,75.750,5.000,Lip Pursing,2
sub-c7t-044,sub-c7t-044_run-1,7T ds003642 CEREBRUM-7T,test,Ensemble-nnU-Net (Baseline),0.8614,0.8534,0.857384,2.9155,6.348,2079.125,285.375,130.750,Lip Pursing,2
sub-c7t-044,sub-c7t-044_run-2,7T ds003642 CEREBRUM-7T,test,Ensemble-nnU-Net (Baseline),0.7701,0.6184,0.685975,4.7170,10.597,1912.625,353.000,162.750,Lip Pursing,2
sub-c7t-045,sub-c7t-045_run-1,7T ds003642 CEREBRUM-7T,train,Ensemble-nnU-Net (Baseline),0.6291,0.6560,0.642259,4.1533,2.006,1995.750,771.750,41.750,Lip Pursing,2
sub-c7t-045,sub-c7t-045_run-2,7T ds003642 CEREBRUM-7T,train,Ensemble-nnU-Net (Baseline),0.8567,0.8106,0.832981,2.5495,1.211,1701.250,230.750,19.500,Lip Pursing,2
sub-c7t-046,sub-c7t-046_run-1,7T ds003642 CEREBRUM-7T,test,Ensemble-nnU-Net (Baseline),0.2871,0.2469,0.265488,5.4772,37.328,1193.125,731.750,383.125,Lip Pursing,2
sub-c7t-047,sub-c7t-047_run-1,7T ds003642 CEREBRUM-7T,train,Ensemble-nnU-Net (Baseline),0.8241,0.7669,0.794504,2.5981,6.249,1738.875,284.625,101.125,Lip Pursing,2
sub-c7t-047,sub-c7t-047_run-2,7T ds003642 CEREBRUM-7T,train,Ensemble-nnU-Net (Baseline),0.7515,0.8083,0.778869,4.1833,16.469,1085.250,290.125,192.250,Lip Pursing,2
sub-c7t-048,sub-c7t-048_run-1,7T ds003642 CEREBRUM-7T,train,Ensemble-nnU-Net (Baseline),0.9160,0.9602,0.937588,2.0616,3.579,1552.750,136.750,58.250,Lip Pursing,2
sub-c7t-048,sub-c7t-048_run-2,7T ds003642 CEREBRUM-7T,train,Ensemble-nnU-Net (Baseline),0.9099,0.7394,0.815826,2.0616,4.746,1798.750,131.750,69.375,Lip Pursing,2
sub-c7t-049,sub-c7t-049_run-1,7T ds003642 CEREBRUM-7T,train,Ensemble-nnU-Net (Baseline),0.4192,0.4080,0.413530,5.1720,1.946,1095.625,619.250,20.750,Lip Pursing,2
sub-c7t-049,sub-c7t-049_run-2,7T ds003642 CEREBRUM-7T,train,Ensemble-nnU-Net (Baseline),0.6611,0.6632,0.662148,3.3912,1.060,1104.750,375.500,11.750,Lip Pursing,2
sub-c7t-050,sub-c7t-050_run-1,7T ds003642 CEREBRUM-7T,train,Ensemble-nnU-Net (Baseline),0.7746,0.4201,0.544740,3.2016,4.647,2207.250,269.875,55.625,Lip Pursing,2
sub-c7t-050,sub-c7t-050_run-2,7T ds003642 CEREBRUM-7T,train,Ensemble-nnU-Net (Baseline),0.6939,0.6512,0.671895,4.6368,7.884,1488.375,427.500,110.125,Lip Pursing,2
sub-c7t-051,sub-c7t-051_run-1,7T ds003642 CEREBRUM-7T,train,Ensemble-nnU-Net (Baseline),0.9372,0.8132,0.870802,2.0000,0.836,1223.625,66.625,8.875,Lip Pursing,2
sub-c7t-052,sub-c7t-052_run-1,7T ds003642 CEREBRUM-7T,train,Ensemble-nnU-Net (Baseline),0.9193,0.8775,0.897873,2.3452,2.565,965.000,74.375,23.625,Lip Pursing,2
sub-c7t-053,sub-c7t-053_run-1,7T ds003642 CEREBRUM-7T,val,Ensemble-nnU-Net (Baseline),0.9398,0.9693,0.954306,1.7321,1.694,2289.250,142.250,40.000,Lip Pursing,2
sub-c7t-053,sub-c7t-053_run-2,7T ds003642 CEREBRUM-7T,val,Ensemble-nnU-Net (Baseline),0.8160,0.7497,0.781437,2.8284,3.861,2368.125,400.375,84.000,Lip Pursing,2
sub-c7t-054,sub-c7t-054_run-1,7T ds003642 CEREBRUM-7T,train,Ensemble-nnU-Net (Baseline),0.8670,0.2498,0.387831,9.9121,5.965,1142.000,43.750,19.625,Lip Pursing,2
sub-c7t-055,sub-c7t-055_run-1,7T ds003642 CEREBRUM-7T,train,Ensemble-nnU-Net (Baseline),0.7674,0.6260,0.689544,3.7749,5.250,2142.500,406.500,91.750,Lip Pursing,2
sub-c7t-055,sub-c7t-055_run-2,7T ds003642 CEREBRUM-7T,train,Ensemble-nnU-Net (Baseline),0.8568,0.9470,0.899674,2.8723,3.320,1550.000,245.250,56.875,Lip Pursing,2
sub-c7t-056,sub-c7t-056_run-1,7T ds003642 CEREBRUM-7T,test,Ensemble-nnU-Net (Baseline),0.7276,0.8921,0.801470,2.8723,3.692,2369.000,791.375,107.250,Lip Pursing,2
sub-c7t-056,sub-c7t-056_run-2,7T ds003642 CEREBRUM-7T,test,Ensemble-nnU-Net (Baseline),0.8907,0.8827,0.886641,3.2016,2.356,2029.250,219.875,47.375,Lip Pursing,2
sub-c7t-057,sub-c7t-057_run-1,7T ds003642 CEREBRUM-7T,train,Ensemble-nnU-Net (Baseline),0.6249,0.5354,0.576715,3.7417,7.109,1920.875,617.375,117.000,Lip Pursing,2
sub-c7t-057,sub-c7t-057_run-2,7T ds003642 CEREBRUM-7T,train,Ensemble-nnU-Net (Baseline),0.7987,0.7839,0.791235,3.5355,5.438,1255.250,248.000,67.000,Lip Pursing,2
sub-c7t-058,sub-c7t-058_run-1,7T ds003642 CEREBRUM-7T,train,Ensemble-nnU-Net (Baseline),0.7733,0.6333,0.696369,3.9370,6.956,1459.125,270.875,83.125,Lip Pursing,2
sub-c7t-058,sub-c7t-058_run-2,7T ds003642 CEREBRUM-7T,train,Ensemble-nnU-Net (Baseline),0.6459,0.4402,0.523582,5.6789,9.853,1182.125,285.250,79.375,Lip Pursing,2
sub-c7t-059,sub-c7t-059_run-1,7T ds003642 CEREBRUM-7T,train,Ensemble-nnU-Net (Baseline),0.7832,0.3023,0.436233,7.3824,9.334,1152.000,96.375,41.500,Lip Pursing,2
sub-c7t-060,sub-c7t-060_run-1,7T ds003642 CEREBRUM-7T,train,Ensemble-nnU-Net (Baseline),0.9046,0.9530,0.928157,1.8708,4.100,1930.125,194.000,83.375,Lip Pursing,2
sub-c7t-061,sub-c7t-061_run-1,7T ds003642 CEREBRUM-7T,test,Ensemble-nnU-Net (Baseline),0.7870,0.8203,0.803285,3.0822,3.179,2139.000,475.000,70.875,Lip Pursing,2
sub-c7t-061,sub-c7t-061_run-2,7T ds003642 CEREBRUM-7T,test,Ensemble-nnU-Net (Baseline),0.6737,0.7717,0.719371,2.9155,3.575,2466.750,921.875,101.000,Lip Pursing,2
sub-c7t-062,sub-c7t-062_run-1,7T ds003642 CEREBRUM-7T,train,Ensemble-nnU-Net (Baseline),0.9662,0.9724,0.969302,1.5000,0.400,2392.750,81.375,9.625,Lip Pursing,2
sub-c7t-062,sub-c7t-062_run-2,7T ds003642 CEREBRUM-7T,train,Ensemble-nnU-Net (Baseline),0.8561,0.8999,0.877474,3.2016,3.560,1924.375,291.000,72.000,Lip Pursing,2
sub-c7t-063,sub-c7t-063_run-1,7T ds003642 CEREBRUM-7T,test,Ensemble-nnU-Net (Baseline),0.8302,0.8234,0.826787,3.6056,6.809,888.375,149.625,60.000,Lip Pursing,2
sub-c7t-063,sub-c7t-063_run-2,7T ds003642 CEREBRUM-7T,test,Ensemble-nnU-Net (Baseline),0.6539,0.8100,0.723622,3.9051,8.622,917.625,393.375,98.000,Lip Pursing,2
sub-c7t-064,sub-c7t-064_run-1,7T ds003642 CEREBRUM-7T,train,Ensemble-nnU-Net (Baseline),0.9740,0.9592,0.966523,1.5000,0.892,1779.625,45.625,15.625,Lip Pursing,2
sub-c7t-064,sub-c7t-064_run-2,7T ds003642 CEREBRUM-7T,train,Ensemble-nnU-Net (Baseline),0.9643,0.8657,0.912352,1.6583,0.951,1288.875,41.250,11.000,Lip Pursing,2
sub-c7t-065,sub-c7t-065_run-1,7T ds003642 CEREBRUM-7T,train,Ensemble-nnU-Net (Baseline),0.7075,0.6869,0.697050,4.0927,1.948,1692.250,480.500,32.000,Lip Pursing,2
sub-c7t-065,sub-c7t-065_run-2,7T ds003642 CEREBRUM-7T,train,Ensemble-nnU-Net (Baseline),0.8847,0.8917,0.888220,2.3452,1.330,1510.375,175.500,20.250,Lip Pursing,2
sub-c7t-066,sub-c7t-066_run-1,7T ds003642 CEREBRUM-7T,val,Ensemble-nnU-Net (Baseline),0.8694,0.6758,0.760510,2.8723,0.918,1488.875,151.125,10.625,Lip Pursing,2
sub-c7t-066,sub-c7t-066_run-2,7T ds003642 CEREBRUM-7T,val,Ensemble-nnU-Net (Baseline),0.9445,0.9395,0.942017,2.1213,0.871,938.125,51.750,8.125,Lip Pursing,2
sub-c7t-067,sub-c7t-067_run-1,7T ds003642 CEREBRUM-7T,train,Ensemble-nnU-Net (Baseline),0.9489,0.9479,0.948403,1.1180,0.689,1507.625,77.000,10.375,Lip Pursing,2
sub-c7t-068,sub-c7t-068_run-1,7T ds003642 CEREBRUM-7T,train,Ensemble-nnU-Net (Baseline),0.9553,0.9674,0.961305,1.8028,2.238,1858.625,84.125,42.125,Lip Pursing,2
sub-c7t-068,sub-c7t-068_run-2,7T ds003642 CEREBRUM-7T,train,Ensemble-nnU-Net (Baseline),0.9587,0.9215,0.939772,1.0000,1.781,1153.500,45.750,19.750,Lip Pursing,2
sub-c7t-069,sub-c7t-069_run-1,7T ds003642 CEREBRUM-7T,train,Ensemble-nnU-Net (Baseline),0.8425,0.8296,0.836024,2.8723,5.084,2122.500,329.125,106.250,Lip Pursing,2
sub-c7t-069,sub-c7t-069_run-2,7T ds003642 CEREBRUM-7T,train,Ensemble-nnU-Net (Baseline),0.9006,0.8193,0.858031,1.7321,3.099,2167.750,196.125,61.125,Lip Pursing,2
sub-c7t-070,sub-c7t-070_run-1,7T ds003642 CEREBRUM-7T,test,Ensemble-nnU-Net (Baseline),0.9349,0.9552,0.944965,1.6583,2.743,2426.625,161.375,68.000,Lip Pursing,2
sub-c7t-071,sub-c7t-071_run-1,7T ds003642 CEREBRUM-7T,train,Ensemble-nnU-Net (Baseline),0.6393,0.6292,0.634235,3.9051,11.810,1350.625,479.500,157.000,Lip Pursing,2
sub-c7t-072,sub-c7t-072_run-1,7T ds003642 CEREBRUM-7T,test,Ensemble-nnU-Net (Baseline),0.9210,0.9004,0.910583,3.2016,0.795,1302.000,100.625,10.125,Lip Pursing,2
sub-c7t-072,sub-c7t-072_run-2,7T ds003642 CEREBRUM-7T,test,Ensemble-nnU-Net (Baseline),0.8863,0.8257,0.854899,2.8284,0.705,1540.875,163.250,10.125,Lip Pursing,2
sub-c7t-073,sub-c7t-073_run-1,7T ds003642 CEREBRUM-7T,val,Ensemble-nnU-Net (Baseline),0.9057,0.8725,0.888762,2.3452,3.452,1669.000,151.625,55.500,Lip Pursing,2
sub-c7t-074,sub-c7t-074_run-1,7T ds003642 CEREBRUM-7T,val,Ensemble-nnU-Net (Baseline),0.7064,0.7066,0.706497,2.8284,7.056,1292.750,379.750,91.250,Lip Pursing,2
sub-c7t-074,sub-c7t-074_run-2,7T ds003642 CEREBRUM-7T,val,Ensemble-nnU-Net (Baseline),0.8610,0.8162,0.838020,1.8028,3.617,1086.250,143.125,37.250,Lip Pursing,2
sub-c7t-075,sub-c7t-075_run-1,7T ds003642 CEREBRUM-7T,train,Ensemble-nnU-Net (Baseline),0.8981,0.9254,0.911563,4.4721,6.232,1444.500,151.625,92.750,Lip Pursing,2
sub-c7t-075,sub-c7t-075_run-2,7T ds003642 CEREBRUM-7T,train,Ensemble-nnU-Net (Baseline),0.9484,0.9564,0.952401,2.2361,3.420,1192.500,62.000,41.125,Lip Pursing,2
sub-c7t-076,sub-c7t-076_run-1,7T ds003642 CEREBRUM-7T,val,Ensemble-nnU-Net (Baseline),0.8748,0.9074,0.890842,1.7321,3.050,1557.000,202.125,49.250,Lip Pursing,2
sub-c7t-076,sub-c7t-076_run-2,7T ds003642 CEREBRUM-7T,val,Ensemble-nnU-Net (Baseline),0.9338,0.9027,0.917979,1.7321,1.534,1517.250,97.125,22.500,Lip Pursing,2
sub-ds114-01,sub-ds114-01_ses-retest,3T ds000114 (GAN 3T->7T),val,Ensemble-nnU-Net (Baseline),0.8565,0.6603,0.745745,2.2361,1.673,804.500,89.000,10.375,Lip Pursing,2
sub-ds114-01,sub-ds114-01_ses-test,3T ds000114 (GAN 3T->7T),val,Ensemble-nnU-Net (Baseline),0.8613,0.9370,0.897546,1.2247,0.908,1619.750,244.500,16.000,Lip Pursing,2
sub-ds114-02,sub-ds114-02_ses-retest,3T ds000114 (GAN 3T->7T),train,Ensemble-nnU-Net (Baseline),0.9355,0.9089,0.921983,2.0616,1.461,1400.250,87.750,19.875,Lip Pursing,2
sub-ds114-02,sub-ds114-02_ses-test,3T ds000114 (GAN 3T->7T),train,Ensemble-nnU-Net (Baseline),0.3741,0.8787,0.524760,11.2583,22.808,1699.625,2499.000,910.625,Lip Pursing,2
sub-ds114-03,sub-ds114-03_ses-retest,3T ds000114 (GAN 3T->7T),train,Ensemble-nnU-Net (Baseline),0.8654,0.5714,0.688295,4.4721,1.953,1580.375,140.500,20.375,Lip Pursing,2
sub-ds114-03,sub-ds114-03_ses-test,3T ds000114 (GAN 3T->7T),train,Ensemble-nnU-Net (Baseline),0.3441,0.5547,0.424726,15.2725,14.765,1079.125,1141.125,256.875,Lip Pursing,2
sub-ds114-04,sub-ds114-04_ses-retest,3T ds000114 (GAN 3T->7T),train,Ensemble-nnU-Net (Baseline),0.7088,0.4392,0.542324,3.6401,3.447,1398.625,252.375,29.875,Lip Pursing,2
sub-ds114-04,sub-ds114-04_ses-test,3T ds000114 (GAN 3T->7T),train,Ensemble-nnU-Net (Baseline),0.7933,0.6288,0.701539,6.5383,4.700,1486.375,243.500,55.375,Lip Pursing,2
sub-ds114-05,sub-ds114-05_ses-retest,3T ds000114 (GAN 3T->7T),train,Ensemble-nnU-Net (Baseline),0.7700,0.7233,0.745936,2.4495,2.957,1867.500,403.375,51.875,Lip Pursing,2
sub-ds114-05,sub-ds114-05_ses-test,3T ds000114 (GAN 3T->7T),train,Ensemble-nnU-Net (Baseline),0.9227,0.9496,0.935926,1.7321,1.963,1856.500,147.750,37.500,Lip Pursing,2
sub-ds114-06,sub-ds114-06_ses-retest,3T ds000114 (GAN 3T->7T),train,Ensemble-nnU-Net (Baseline),0.6592,0.5381,0.592490,4.5000,16.668,1787.000,497.125,243.125,Lip Pursing,2
sub-ds114-06,sub-ds114-06_ses-test,3T ds000114 (GAN 3T->7T),train,Ensemble-nnU-Net (Baseline),0.8658,0.7930,0.827804,2.8723,8.259,1490.500,183.250,112.750,Lip Pursing,2
sub-ds114-07,sub-ds114-07_ses-retest,3T ds000114 (GAN 3T->7T),val,Ensemble-nnU-Net (Baseline),0.6726,0.4883,0.565852,6.2650,6.439,2441.500,580.250,114.125,Lip Pursing,2
sub-ds114-07,sub-ds114-07_ses-test,3T ds000114 (GAN 3T->7T),val,Ensemble-nnU-Net (Baseline),0.7038,0.5829,0.637697,5.2202,7.889,2064.375,506.375,134.875,Lip Pursing,2
sub-ds114-08,sub-ds114-08_ses-retest,3T ds000114 (GAN 3T->7T),train,Ensemble-nnU-Net (Baseline),0.9377,0.8135,0.871182,2.1213,0.469,1382.625,74.750,5.625,Lip Pursing,2
sub-ds114-08,sub-ds114-08_ses-test,3T ds000114 (GAN 3T->7T),train,Ensemble-nnU-Net (Baseline),0.9431,0.9166,0.929651,3.7417,0.602,1303.875,72.125,7.625,Lip Pursing,2
sub-ds114-09,sub-ds114-09_ses-retest,3T ds000114 (GAN 3T->7T),test,Ensemble-nnU-Net (Baseline),0.5427,0.5085,0.525043,5.6569,31.280,1457.125,624.500,427.125,Lip Pursing,2
sub-ds114-09,sub-ds114-09_ses-test,3T ds000114 (GAN 3T->7T),test,Ensemble-nnU-Net (Baseline),0.4289,0.2884,0.344920,7.2973,30.432,1569.625,602.875,321.250,Lip Pursing,2
sub-ds114-10,sub-ds114-10_ses-retest,3T ds000114 (GAN 3T->7T),train,Ensemble-nnU-Net (Baseline),0.6573,0.8618,0.745801,5.2202,12.056,756.875,340.000,119.625,Lip Pursing,2
sub-ds114-10,sub-ds114-10_ses-test,3T ds000114 (GAN 3T->7T),train,Ensemble-nnU-Net (Baseline),0.7920,0.7514,0.771160,2.0000,4.020,1130.750,223.125,43.125,Lip Pursing,2
sub-mda-01,sub-mda-01_ses-7t,7T MDA atlas source,train,Ensemble-nnU-Net (Baseline),0.8838,0.9108,0.897054,3.1623,1.772,2553.375,305.875,46.625,Lip Pursing,2
sub-mda-02,sub-mda-02_ses-7t,7T MDA atlas source,train,Ensemble-nnU-Net (Baseline),0.8984,0.3797,0.533749,4.7434,2.834,1210.625,52.000,14.500,Lip Pursing,2
sub-mda-03,sub-mda-03_ses-7t,7T MDA atlas source,train,Ensemble-nnU-Net (Baseline),0.9016,0.8860,0.893735,4.9244,0.261,2387.875,231.000,6.125,Lip Pursing,2
sub-mda-04,sub-mda-04_ses-7t,7T MDA atlas source,train,Ensemble-nnU-Net (Baseline),0.8969,0.9037,0.900272,1.8708,2.396,916.500,95.250,22.125,Lip Pursing,2
sub-mda-05,sub-mda-05_ses-7t,7T MDA atlas source,train,Ensemble-nnU-Net (Baseline),0.8234,0.8059,0.814536,4.3589,2.774,1242.875,214.875,33.750,Lip Pursing,2
sub-mda-06,sub-mda-06_ses-7t,7T MDA atlas source,test,Ensemble-nnU-Net (Baseline),0.9821,0.9852,0.983652,0.8660,0.131,4176.000,74.875,5.500,Lip Pursing,2
sub-mda-07,sub-mda-07_ses-7t,7T MDA atlas source,val,Ensemble-nnU-Net (Baseline),0.6949,0.4492,0.545686,6.6332,4.885,1611.125,317.750,50.875,Lip Pursing,2
sub-mda-08,sub-mda-08_ses-7t,7T MDA atlas source,train,Ensemble-nnU-Net (Baseline),0.9033,0.9610,0.931278,2.0616,2.017,1870.125,192.375,40.125,Lip Pursing,2
sub-mda-09,sub-mda-09_ses-7t,7T MDA atlas source,train,Ensemble-nnU-Net (Baseline),0.8132,0.7608,0.786112,3.2404,3.445,1183.000,206.750,38.125,Lip Pursing,2
sub-mda-10,sub-mda-10_ses-7t,7T MDA atlas source,test,Ensemble-nnU-Net (Baseline),0.9372,0.9662,0.951448,1.5000,0.994,2073.875,134.375,21.250,Lip Pursing,2
sub-mda-11,sub-mda-11_ses-7t,7T MDA atlas source,val,Ensemble-nnU-Net (Baseline),0.8351,0.6590,0.736669,2.4495,2.204,1229.000,159.875,21.375,Lip Pursing,2
sub-mda-12,sub-mda-12_ses-7t,7T MDA atlas source,train,Ensemble-nnU-Net (Baseline),0.5624,0.6062,0.583474,4.8218,1.795,1175.750,554.625,22.750,Lip Pursing,2
